CREATE DATABASE  IF NOT EXISTS `sicov` /*!40100 DEFAULT CHARACTER SET utf8mb4 COLLATE utf8mb4_0900_ai_ci */ /*!80016 DEFAULT ENCRYPTION='N' */;
USE `sicov`;
-- MySQL dump 10.13  Distrib 8.0.22, for Win64 (x86_64)
--
-- Host: 127.0.0.1    Database: sicov
-- ------------------------------------------------------
-- Server version	8.0.22

/*!40101 SET @OLD_CHARACTER_SET_CLIENT=@@CHARACTER_SET_CLIENT */;
/*!40101 SET @OLD_CHARACTER_SET_RESULTS=@@CHARACTER_SET_RESULTS */;
/*!40101 SET @OLD_COLLATION_CONNECTION=@@COLLATION_CONNECTION */;
/*!50503 SET NAMES utf8 */;
/*!40103 SET @OLD_TIME_ZONE=@@TIME_ZONE */;
/*!40103 SET TIME_ZONE='+00:00' */;
/*!40014 SET @OLD_UNIQUE_CHECKS=@@UNIQUE_CHECKS, UNIQUE_CHECKS=0 */;
/*!40014 SET @OLD_FOREIGN_KEY_CHECKS=@@FOREIGN_KEY_CHECKS, FOREIGN_KEY_CHECKS=0 */;
/*!40101 SET @OLD_SQL_MODE=@@SQL_MODE, SQL_MODE='NO_AUTO_VALUE_ON_ZERO' */;
/*!40111 SET @OLD_SQL_NOTES=@@SQL_NOTES, SQL_NOTES=0 */;

--
-- Table structure for table `authorities`
--

DROP TABLE IF EXISTS `authorities`;
/*!40101 SET @saved_cs_client     = @@character_set_client */;
/*!50503 SET character_set_client = utf8mb4 */;
CREATE TABLE `authorities` (
  `username` varchar(100) NOT NULL,
  `authority` varchar(50) NOT NULL,
  PRIMARY KEY (`username`),
  UNIQUE KEY `auth_user` (`username`,`authority`),
  CONSTRAINT `authorities_ibfk_1` FOREIGN KEY (`username`) REFERENCES `users` (`username`)
) ENGINE=InnoDB DEFAULT CHARSET=utf8mb4 COLLATE=utf8mb4_0900_ai_ci;
/*!40101 SET character_set_client = @saved_cs_client */;

--
-- Dumping data for table `authorities`
--

LOCK TABLES `authorities` WRITE;
/*!40000 ALTER TABLE `authorities` DISABLE KEYS */;
INSERT INTO `authorities` VALUES ('administrador@gmail.com','ROLE_ADMINISTRADOR'),('dannyo.gonzalez2502@gmail.com','ROLE_ADMINISTRADOR'),('enlace@gmail.com','ROLE_ENLACE'),('enlace4@gmail.com','ROLE_ENLACE'),('presidente@gmail.com','ROLE_PRESIDENTE');
/*!40000 ALTER TABLE `authorities` ENABLE KEYS */;
UNLOCK TABLES;
/*!50003 SET @saved_cs_client      = @@character_set_client */ ;
/*!50003 SET @saved_cs_results     = @@character_set_results */ ;
/*!50003 SET @saved_col_connection = @@collation_connection */ ;
/*!50003 SET character_set_client  = utf8 */ ;
/*!50003 SET character_set_results = utf8 */ ;
/*!50003 SET collation_connection  = utf8_general_ci */ ;
/*!50003 SET @saved_sql_mode       = @@sql_mode */ ;
/*!50003 SET sql_mode              = 'NO_AUTO_VALUE_ON_ZERO' */ ;
DELIMITER ;;
/*!50003 CREATE*/ /*!50017 DEFINER=`root`@`localhost`*/ /*!50003 TRIGGER `delCiudadanoUser` AFTER DELETE ON `authorities` FOR EACH ROW BEGIN
	DELETE FROM users WHERE (`username` = old.username);
    END */;;
DELIMITER ;
/*!50003 SET sql_mode              = @saved_sql_mode */ ;
/*!50003 SET character_set_client  = @saved_cs_client */ ;
/*!50003 SET character_set_results = @saved_cs_results */ ;
/*!50003 SET collation_connection  = @saved_col_connection */ ;

--
-- Table structure for table `bitacoralogin`
--

DROP TABLE IF EXISTS `bitacoralogin`;
/*!40101 SET @saved_cs_client     = @@character_set_client */;
/*!50503 SET character_set_client = utf8mb4 */;
CREATE TABLE `bitacoralogin` (
  `idControl` int NOT NULL AUTO_INCREMENT,
  `fechaAcceso` datetime NOT NULL,
  `correoUsuario` varchar(45) NOT NULL,
  PRIMARY KEY (`idControl`)
) ENGINE=InnoDB AUTO_INCREMENT=38 DEFAULT CHARSET=utf8mb4 COLLATE=utf8mb4_0900_ai_ci;
/*!40101 SET character_set_client = @saved_cs_client */;

--
-- Dumping data for table `bitacoralogin`
--

LOCK TABLES `bitacoralogin` WRITE;
/*!40000 ALTER TABLE `bitacoralogin` DISABLE KEYS */;
/*!40000 ALTER TABLE `bitacoralogin` ENABLE KEYS */;
UNLOCK TABLES;

--
-- Table structure for table `categoria`
--

DROP TABLE IF EXISTS `categoria`;
/*!40101 SET @saved_cs_client     = @@character_set_client */;
/*!50503 SET character_set_client = utf8mb4 */;
CREATE TABLE `categoria` (
  `idcategoria` bigint NOT NULL AUTO_INCREMENT,
  `nombre` varchar(120) NOT NULL,
  PRIMARY KEY (`idcategoria`)
) ENGINE=InnoDB AUTO_INCREMENT=5 DEFAULT CHARSET=utf8mb4 COLLATE=utf8mb4_0900_ai_ci;
/*!40101 SET character_set_client = @saved_cs_client */;

--
-- Dumping data for table `categoria`
--

LOCK TABLES `categoria` WRITE;
/*!40000 ALTER TABLE `categoria` DISABLE KEYS */;
INSERT INTO `categoria` VALUES (2,'Agua'),(4,'Luz eléctrica');
/*!40000 ALTER TABLE `categoria` ENABLE KEYS */;
UNLOCK TABLES;

--
-- Table structure for table `ciudadano`
--

DROP TABLE IF EXISTS `ciudadano`;
/*!40101 SET @saved_cs_client     = @@character_set_client */;
/*!50503 SET character_set_client = utf8mb4 */;
CREATE TABLE `ciudadano` (
  `idciudadano` bigint NOT NULL AUTO_INCREMENT,
  `username` varchar(100) DEFAULT NULL,
  `enabled` tinyint NOT NULL,
  `fotografia` longblob,
  `nombre` varchar(45) NOT NULL,
  `numero_empleado` varchar(30) DEFAULT NULL,
  `numero_telefonico` varchar(10) DEFAULT NULL,
  `password` varchar(250) DEFAULT NULL,
  `primer_apellido` varchar(45) NOT NULL,
  `segundo_apellido` varchar(45) DEFAULT NULL,
  `rol` varchar(50) DEFAULT NULL,
  `municipio_idmunicipio` bigint NOT NULL,
  PRIMARY KEY (`idciudadano`),
  KEY `FKoms284ih1v8mu0hxgq9nwd4pk` (`municipio_idmunicipio`),
  CONSTRAINT `FKoms284ih1v8mu0hxgq9nwd4pk` FOREIGN KEY (`municipio_idmunicipio`) REFERENCES `municipio` (`idmunicipio`)
) ENGINE=InnoDB AUTO_INCREMENT=19 DEFAULT CHARSET=utf8mb4 COLLATE=utf8mb4_0900_ai_ci;
/*!40101 SET character_set_client = @saved_cs_client */;

--
-- Dumping data for table `ciudadano`
--

LOCK TABLES `ciudadano` WRITE;
/*!40000 ALTER TABLE `ciudadano` DISABLE KEYS */;
INSERT INTO `ciudadano` VALUES (2,'enlace@gmail.com',1,'','Enlace','1200','7771076799','$2a$10$qRUxIA5dGpGHvusX8Sk8iOU.kuVFAr0TGwGZOp0LTmd6ebls5oZBC','Perez','','ROLE_ENLACE',2),(3,'presidente@gmail.com',1,'','Presidente','1201','7771579210','$2a$10$gLoVrgoHCbVrD8jvYdrKWONBD7TNp9rtMYY2bCsI8rAAcR15vlKr.','Perez','Sanchez','ROLE_PRESIDENTE',2),(4,'administrador@gmail.com',1,'','administrador','1204','7771646278','$2a$10$p7xaMj.hnttJdFnf5E1cXejDeqvK2QaJIvpGn6VGvMWFYa25TX2Aa','Perez','Sanchez','ROLE_ADMINISTRADOR',6),(15,'enlace4@gmail.com',1,_binary '\\\0JFIF\0\0\0\0\0\0\\0Exif\0\0II*\0\0\0\0\0\0\0\0\0\0\0\0\Z\0\0\0\0V\0\0\0\0\0\0\0^\0\0\0(\0\0\0\0\0\0\0\0\0\0\0\0\0\0i\0\0\0\0f\0\0\0\0\0\0\08c\0\0\\0\08c\0\0\\0\0\0\0\0\0\0\00210\0\0\0\0\0\0\0\0\0\00100\0\0\0\0\0\0\0\0\0\0\0\0\0\0\0\0x\0\0\0\0\0\0\\0C\0\n\n\n\n\r\r#%$\"\"!&+7/&)4)!\"0A149;>>>%.DIC<H7=>;\\0C\n\r;(\"(;;;;;;;;;;;;;;;;;;;;;;;;;;;;;;;;;;;;;;;;;;;;;;;;;;\\0x\0\\0\0\0\0\0\0\0\0\0\0\0\\0\Z\0\0\0\0\0\0\0\0\0\0\\0\0\0\0\\$D\9R&fP\"\<\E\L-iS9iH\"%Xl[Hd$\0\0\0\0\0\0\0\n\0 \0))\0\0\m$umL`HKuE\)%HVBjd.@\93.T\0.\2Fq&b feЪ\E\"BH\0)\rnP(L\0@\n@\0\0\0\0\0\n\0\0\0@\0\0*\n\&%Ճ2\0Hn\T].̐-H\\E\[Eh!BB33.L\j\\&V\\Q1$L\\LK3&JVԉ2Ґ&R@\0[II)\0\0@ \0\0\0\0\0P@PR\0\0UP\0[]P3P]) H\-\\\\\R\Z@[u\\H2ꤙH2\I2[Q{\DL\L\\\\0]]3\g	\0\0\T\0\0\0\0\0\0\0\0\0\0h\0 \0\n-VZ$\	DA\n\\\\\5\0ZA2\fB\IđfH\J\,\4̙Y\"ַT3\LlD\\n$\0[I \0\0\0\0\0\r/It S6`\0@\0)\04\0\0\nH\0iI\"\ڑHZ\R\l[PmU!K\ZݒU\JR-2mL\\et-tT\0\L\h]\S38 !JLH\0\0\0\0)\0\0\0\0\0.\=\]\0\0\0N^\n\0AH\0\0-H\0\0\0	\0[HP-uTZ2E\\"@DU+Z\&%\$đ#8.\\Z\"D\\8.\9t[ۦ8\e\0\(D@\0\0\0\0)\0\0\0\0\0Fk\0\0\0\0r\E@\0\0\0Q\0@!\nZ\!\R-H\$iwm\K1$#8&$\9\Bmg8\b4֭\֮s3\9\H\0\0@ \0\0\0\0=s~\0\0\0\0s1\ZZ \n\0\0( \0\RHtU\֭ڬH\U\um\r\̙I&@*fL3n\[Y\.verH7\9t֭\U|s0(\0\0H\0\0\0\0\"u2Ҁ\0\0.?6HB\$\0\0\0\0\0(VI-Bҵ\\"B ]]lյ2\[\"fHB$gD\f]\hUgkw81j̑j趃8\0D \0\0\n\0\0\0\0\0\0\0\0:{滅\0\0\0\0yXP\0@\0\0\0\0\0RUE\0UR\\.$\nD̶\\kv\\R5t3$ 	2H\Zв $\$\Z$HPI  \0\0\0\0\0\0\0\0\0\0\0сA\0 q \0!@\0\0\0\0\0\0\n\0\\+].d WB\\n\L3$Z$KH#[Im+< !@Z\0\0\0\0\0\0\0\0\0\0\0\\5\3~Z\\ǉ5]} s\0@\0\0\0@\0\0P@\0\0--H )\0*յJ֭\d&dD$K$T*fLT	\0\0\0\0\0\0\0\0\0\0\0uR\\?\0^\]9\NFPg\0\0\0\0\0\0\0P\0\0\0\0\0\0իwP)\0t)mm3)\n2etHBHZ\&$\0\0\0\0\0\0\0\0\0\0\0\rz\'OXL9|\0kǒ\0צo\\\ \0\0\0\0\0\0\0P@U\0\nin\MI$]-IRiV\Kmd\ \\\IVФ\S2d D\0(U\0\0\0\0\0\0\0\0\0\0\0^\Ɯh\0\0\0\0uyY\@\0\0\0\0\0\0\0\0\0PB\\\5\\Yqm\\bm*ڪwRc,\H@\Z\j$$!Q\0\0\0\0\0\0\0\0\0\0\0\0\0\0\0?\0\0\0\0\0]<P\0\0\0\0\0\0\0\0\0\n\0[u\\F9d]5\"@(rfIn\\"\"!WV\\I$Մę K\0\0\0\0\0\0\0\0\0\0\0\0\0\0z\\<P\0\0\0\0\0kנ\\@\0\0\0\0\0\0\0\0\0\0\0mPBm\EY\$].$.ݶ\$\0-g2`.\\% t)\)\0\0@P@\0\0\0\0\0\0\0\0\0\0k\5\1\NT\0\0\0\0\0ߤ?d\0\0\0\0\0\0\0\0\0m$UJj\\\.st]Z4B$&`f*@@\0\0\0\0\0\0\0\0\0\0\0\0\0\0˰ǒ\\0\0\0>\>I\פ|\ʀ\0\0\0\0\0\0\0\0\0\0\0\0@*\PE\hEEP.\q-)) e3$Z4!d\0\0\0\0\0\0 \0\0\0\0\0\0\0\0\0T}\ѣ\|\>~\~\\\`\h\0\0\0\0\0\0\0\0\0\n\0\0@$-\-LH!V\[3\"bH\\&yƔ\V\0\0\0\0\0\0\0\0\0\0\0\0\0\0\0\0\0^\]<?G\\\h?#_\0\ZK\y\'\n\0\0\0\0\0\0\0\0\0\0VI\0\BA2]R-\\̻Z\]I&Y\$TI*\9\	$\0\0\0\0\0B\0 \0\0\0\0\0\0\0\0\04ߦ\"F|\z\F\@\nRW0o\x\':\0\0\0\0\0\0\0\0( \0\0\B\m	-jd\\\ds2eImHI`\" \0 \0\0\0\0\0\0\0\0\0\0\0\rz`s\\0)\^\5@\0\0\0\0\0\0\0\0\0\0\0\0m\+[\3&d\Km\0g\a$)*y\$\\n\0\0\0\0\0\0\0\0\0\0\0\0\^@dzJ|\U\\0\x\g\@\0\0\0\0\0\0\0\0\0\0\0\0@\n-]QIj\\P3Bet\\\yɒ\"\nLL\\"@\0\0\0\0\0\0\0\0\0\0\0\0\0\0\0kR&SG\>\S\s]J<LP\0\0\0\0\0\0\0\0\0\0@\0j\\rj\uX\ZZ%A&b\ޭ̤\"EҐLL \0\0\0\0\0\0\0\0\0\0\0\0\0\0\0zƀ9(\0\0\0\"p\0\0\0\0\0\0\0\0\0\0\0Un\VQ$\"ԋWvА%I3;H\ev33	$\0\0 )\0\0\0@\0\0\0\0\0\0\0\0\0\0*	β\0\0\0#E9\0\0\0\0\0\0\0\0\0\0\0\0\0ZU]tJH3)	 &\";zI&Vq$LȅBI\0\0\0\0\0\0P\0\0\0\0\0\0\0\0\0\0\0d0f\0\n`\ne9P\0\0\0\0\0\0\0\0\0\0\n@\0\0\0ַU\"\$kaEHRH=ޙ\dq&Hg<\$\0\0\0\0\0\0P\0\0\0\0\0\0\0\0\0\0\0\\03@\0^@\"r\0\0\0\0\0\0 \0\0\0\0\0\0\0\\nIwn̐53$\d˿Ē[T2T\\9!H\0\0\0\0@ \0;\0\0\0\0\0\0\0\0\0\0\)\0L\(9T\0\0\0\0\0\0\0\0P@HA\0ij].fg0kv\I533@\&d÷s$(	2g$BH\0P\0\0\0@ \3\0\0\0\0\0\0\0h\)@\00fݮ\@D\d\0\0\0\0\0\0@H\0)\0it@\Z\D A	Yn\\\LN޾I#8\f@Qh\0\0\n\0 \0\0@ \\O\\>9\0\0\0\0\0\0満\0\0Z^\\\\\0\0\0\0\0\0\0\0+q\0\0Bw-EP\0H\0\0$L\ޭ\"D̑1&$\0\0(\0\0AA\x\'\!\0\0\0\0\0^\0\0\06y=8le\n\0\0\0\0\0\|S\\0R\KJP@\0\0\0\0s:R	B3I\0\0\0iKh)J-\0/\H\\>G2H@B$2\f\\\\0\0].\\7\\\\fz8yL@\0\0\0\0\0\g\)\<g\?+=\]tPR\0\0\0\0\0H\0\0\0\Cv\&fq&C<\q&`\0)VƊ(\0(\0\0\^B\0|\%\<\0\0\n  Zi2\\Wmlc]y\uL\"pgd\0\0\0\0SSZ~\_L{Ϫyv\0\0\0\0\0\0\0\"\0\0\0\0\\kD\"I!\Ę*H.ZP\0\0\0P\\nO\G_&\0\0\0\0h	grNtwΡ\Si]h\0FliWIf\\\\0\0\0\0\0\0U\n\"fLU!T@^\nFq1\NrHѩt\0(\0\0\0J\0)\n@(\0@\z\\\<\\\&J\n$!)	9\0\0\0\0\0\\\r\0\0\0\0\Z\Ǚ7\^\z@\0\0\0T*\0\0\gbg -Z\sI1\2e\0\0\0\0\0@U\0@\0*\\0\07\\Lf\0\0L\0\0\0\0\0\0\0\0\0\0.\0\Lx\\)M?\\0UP\0\0\0\Js\\\Huzwթ0\9\0\0\0\n\0\0-Ғ\0$\0\0\05\4L&\\0\0\<@\0\0\0\0\0\0\0\0\0z5\\0\,x\z9\q\\э!B*\0\0\0\0\0	\0[E3!\&Q-N\"\q.f$\0\0\0(\n5h\0\0\0\0R\0 \0\00e5\\P\09\0\0\0\0\0\0\0\0\0\0^\\0(RL$\vV\y4(Z (\0\0\0\0\0\0\0gsH\\Q3\*Ԁk\Kʳ3,\0\0\0\0*\ڴQ@\0\0\0\0R\0 \0\0\0\'0Z\\03\9\0]\0\0\0\0\0\0/D\\0o\PS\v\"qR\0\0\0\0\0\0\0\0	<\\ґ TM]i	$n\0\0\0un\\0d\0\0\0	\0 \0\0\0\0g\03\t\\0]\3\9\0\0\0\0\0\0\~x \0]\I8{K\vJ\0\0\0\0\0\0\0$Ǖ IX(RҫKS)\T\0\0m\\\0\0@\0\0 \0R\0 \0\0\0#>r\0\n@\0\0Vy\' \0\0\0\0Ѯ\\\0\0\e\S\0B\\n\0R\0\0\0\0\0\0\0\0sI\HURiJUE@\0\\B\0\0@\0\0 \0R\0 \0\0\0\0$g\@\0\0M(2Ϝ\0\0\0\0mz\0c\d\0P\0]\\0(\0\0\0\0\0\0\0<X\\0\0Qh	%YZkAuT&d\t\0@ER].\J\0\0\0\"\0 \0\0\0\0\0L\0[\0b\0\0\0\0]PHǜ\\0\0o\0(\0\0\0\0\0\0\03k$B@HV\\\De`$\0\0-\0\n\\k@\0H\0\0\0\0\0\d\0\n\u\\0\0ǜ\\0\0\0\\\0\0\0V5\P\0\0)B\0\0\0\0\0\0\\ \0\0,J-U\e+8̹0*\0$\0Z\\B \0b\0\0\0\0\0\0#<S\0\0\03\9\0\0\0\0\0#<\0\]֊\0\0P\0\0\0\0\0\0\01\g\0\0TZmk\2\3YI\0\0[UjC(\0\0]V\H\0X \0\0\0\0\0\0gr\rw]\0\0\'6x\0\0\0iH\0\0\0gs+]\(\0\0\0R\0\0\0\0\0\0\0.~X\0\0\0U-kwZn|$dI \0I\0\0\0!Z\\@\0R\0 \0\0\0\0\0\0	+\\0\0\0&Y\0\0\0Z\\0\0\0\\Z\\0\0\0)B\0\0\0\0\0\02fHTРn\\Kt\(-IdL,@\0\0\0k@\n\0\0\0\0\0\0\0\0\0\0\0\0\0\0\0סv\0\0HR\0\0\0)B\0\0\0\0\0\0q\0Uih@HWDHѫj\b[n!fdI$B\I\0\0\0\0\n\e\ \0\0\0\0\0\0\0\0\0\0\0	|\\0\0\07\(\0\0(\0\0\0\0\0\n\0\0\0\0\0\019\0(պ HB\\"V\\9۰L\\"f]&RB\d\0\0\0\0\\e\nH\0\0\0\0\0\0\0\0\0\0\0, \0\0\0v\\7OW)\ \n\0P\0\0\0\0AT\0\0\0\0\0\0\0\0\0]dwRH\[8\u$!RIY\"2@A \0\0\0\0\0m\l@\0\0\0\0\0\0\0\0\0\0\0\0\07{\z\\\@\0\0\0\0\0\0R\0\0\0\0\0\0\0\	@n虖f]Y\n\\&[R\02Hl̘D\0\0 \0\0\0w]\0\0\0\0\0\0\0\0\0\0N`\0\o=s\Ӈ&z\\0\0\0\0\0\0\0)B\0\0\0\0\0\0g\\0VTthT\f+Z\3[2\2LE\f\0\0\0 R\0\0\\\0\0\0\0\0\0\0\0\0\0f,z&坧/6\~\\0\0\0\0\0\0AT\0\0\0\0\0\0bs@\0j\Ⱥ]]j\I#[-\&eݥ\\,\]n\\&fy˪2DAH\0\0\0h\0kH\0\0\0\0\0\0\0\0\0\\1g{c>\ec˷6yz\0/F\0\0\0\0\0\0@\0\0\0\0\039@\0\0R\"\\\虓2\\fd\\\ݶtS,\1	RB\\ \0\0\0[\0\04ߠ\0\0\0\0\0AA\0\rr\\ǯͭyw\ێ\Z\0\0\0\\(\0lܻFDżk*\0\0\0\0\0F<@\0j\Z\jI3-9WVb-t\Zݑ333&Bd\0\0\0\0\0\0k\\0\0\|\H\hBS1ӓ\\|\Gp\\0\0\0߻\o.\.\uJ\r\Z4h\h\^M<3Ǣ\0\0\0\0$Ǖ\"\$\0ۥպktLD	\U.\dۥ\D\9\\0HBjD\0H*\&`\0\0\0\u\\0\05\=\{}zrLVL2B!\>\0\0\0ҏRAM\Z4l\Rɷ\\>WVm\0\0\0\0	\'?)KtB$ T]5wD̙Z(t\\n@L趒IWI	$\0\0Z\0@\0\0\\\0W݋\0\0!&L!\0!G\\\0\0\0Q@)gChO.Š\0\0\0L\~Rd TkH[n)5\\[PfL\q\7T)IE\\n2e\"Й\0PH-\0\0\0/F\?,2f2\0\0LW3&W$\0!\>y\0n=eZPAJRٳ\5T\(4SG\}sǺ\0\0\0\\\\0E (յj\[\]Ym2Dd\riH ZZ&`\0\0\0MzS\\2f2\0 \0ʼ2\0!k\0\0E(((*\GC荖R4l\\Lh\0\0y3ȉ \0\0-\"XKE\ 	\j\rt\$-\I*\3 V-L\B@[BE-B`\0\0\0_[\\\̙2d\0\0\*y+0|2\0v>lRFױ\\5T\JSFD\~\(\0#<  ,@\0[T\0Ui\ZP\\\&bKS,\\"\2-L 	&U2\0	 \0\0\0\0\|>k&L\ @\0 9J\'txzD\D\;>+JpKFZ)\M;\'c\<9\0<\\0i!I\tE	PE\#}-%Vfp@!$\[At,bg 5mH@R$\0\0\0\0\\N\\\\\!$@@x,yK$	fL\K\\hO\r\\q\\\.妞>_c{f\Fhѳv7_\vT\0$c\&\0HVԄ$\rl$LJ\KmR]Y&$[d\3\@\n@Lۤ( \0\0\0\0;E\OF\\\\\ɒ!\"\0|N]`K I\"\KM-6֍\Z].\K\j\˧C_\'_g\\F\Z:\'R\\gT\0x\q\0\0\\0ݩHZ\fS39WB\%[UmUq3]PY\VҐ$ 8)mRH\0\0\0@\0\0\0\04\vߧ\`!B\>^\DZ)WQ\\ԻKtp~\4m4nf\\uq\0q3\H\0\0-\"j\)\Vmgd$])wmkS%oziiE38,\QVР]\0\"H\$D\Z\R$L\0\0\0\0\0\0\0V/@~\\\`ɕɒ\\\;\DJ*諢u].F\Kt\\[\'\|N 319A\$WKS \n]\l̙$]-kum\rn\QE[s1$LL\Bж\&B\$mId WZA@\0\0\0\0 \0\0\[ONg\\8}<70d\\2~ځ*諢U\mt]].\\~W+@\0LLqN@E@-][S1S9])wmd[uҨ\"E\\\Is8\$\Z\Q\"\\C<\2fg$kV$Đ\0\0\0\0HR\0\0+~TTa#ٗ-1\\׍|<6H@R4KMFKwZ].I\[\011\9\0\n\0-*B\0PKjFT) gfZkn\.\&%\T\38 eH\"\ى\"ٞr2\0-H\0\0\0P\0\0\\u\\0)\0(L\	dI<\]E\4*\]VR\\-cŠy\N`\0\n[i\Z2Bj\vTZ$*\Ajj@30	uP\0[Fqɘ$(ZHU\nI\0 \0\0P\0\u]P\0\0\0&\"2Fd\	 ].FQn<W>jP&Y\\'$ \0.IA2\0)P\\Uv\\E3MoBIЫmn\Q$	$\8R$겒-\E\e$%R&JKle3h\0\nڒ\0 \0\0]Z\h\0\0\0\0\0\0\0\0\0n^\]D\s\D̜\\\0\0Pۥ\@-	H\nkt][)\0D[Ԑ[u^}-\D\)$\fL$\$#]-2BL\Ejmn8\\&b\0\0\n\0\0\0\0\n\Z\\\\0\0\0\0\0\0\0\0)2L\0P\0 (\0kS).t\0mumKjD@\\\E\]-L\\q3.2D̑ٔ]-Q$&dC9g1Vԉ\0\0\0\0\0\0K4\\0I!S)\0P@B\$\nR\0\$\"H.Y(Z$\\\@mE1Mn\2]\b\mI&B\q&VsHt֭\\0$L\\!T\Vݦs&H$\̐\0\0\0\0\0\0\0\0\0\0\0\0\0@\0\0\0\0\0\n\0\0A\0(\0- U@ n\\UY\\Z\l\fbkamVq̘vDĐ\,\tL\\H\%\nn\PH\0\0\0\0\0\0\0\0\0\0\0\0\0\0\0A\0\0\0R0\0\0T\n@V\D\0ַ`-kv\\E	Y$\!\nK[n\\fL%\$m]\\ęm#8KumH\9A$E \0\0\0\0\0\0\0\0\0\0\0\0\0\0\0\0\0V ( \0AZB\2hi.\S(]\\\ !J\K[J)$)fLuYĶݦ\@\\<\պ[Ukfs\0\0\0@ \0\0\0\0\0P@\0\0\0\0\0\0\0\0\0UBf\0\0@EE+Z5Pe3\Zh./KPDiVٙ!mtV\\\\0,\0\0\0\0\0\0\0\0 0@`pP!1#\"34\\0\0¸W\n\TUxR\\#\t\â>\Z	\Ŧ\\Ai:A\O$$rN\g\cy8\zࡼ#\ <W\\Ա>\\Z6vg-kY\.̅\|Iq\\\qQcC7\y߲%\0#\r^N)A1VH\#\O3`Gd\|\\\RJ\Y\W1\)㝺2sc\SO$\\\Za\oj*P§\2Iy2\'=\\\}\'l#0Nc\cec[]3f=\\@\0\6\pP\\ZH-=o;V\'k\\\&#`լ\\\+\\\0:C#ײ	xՏ\\<T\레NիVd\RJ*T\\0n\07QN\b\\\@\\\2M\'Fc}*U\Qr_r}*TVMqk/t^\)D-Zx!\\`Lǉ⡑ nԎv\މ$\M\Zz!b*\'I\j4RJ\jիVdz\\܂\\jy/\\Zj\V%cNC\\\$\v\\\\G\\\Z\^\xN;}]|7\\4}kV_a:\\+\\\=Uv\\Wo\\qscP\;ӕ-\'Qx\\ԫ@\C\\ZUG0\j\ĉI$^\\@`G5\@OS\Z^d\\"/k:i\\\cw,\Cg\6d\0/b{W{W{(Wh\\\n/]:W8s܆,!B(\rQ;\1I4]\)YL\nM\\\hX]\̕I<\qcc5_A.$3)tD߃fV3g\\t\k^١1H1\4ڵ}L\"h{z6zU]jjի\\%\v,\t\0r\\\v\\gw\n\\\i\pGZZxk\\PG­Zj\I@W&*[PVo&Sgd3,\\*U\,iN\:~\\\ɸ\\n\\\Wʽ\mtAj\\\\\ɱ]`\E*TW0N\	\9߽W4:R\\'I{Bڄ\M{\\4\0Pj\\\GY5_l\\\\@ʃ(TRJa6uߨW\\\H\\\\idF\	lM*TPj%3lK\H8\bX\0e\J*TRJ\)*>pr\0\fzέԩR\ZYr6\LYSdU\0$}<Jl©RJ*TR[\'\5J.A]\nmL\$L\W\Wh\\}*\©RJ*TR\0_UQ\`j\ĥ\3I4E%\\"h[n@\ؒ&\RJ*Tg3c6ٙ\Ido/M\fnLic(&\څ|\2lU\\\h\\Yy\^m_\ž3\}kM*\\\}\j\\}jW\VZիV_o\\0#\0\0\0\0\0\0\0\0\0\0\0pP !0`1\\0?-xΗ\\JR\q=\eW\\\1i\Q\RBq	v/~$2SN\-/8\},iF(:Qbd\'Jb\\6Q2\\\P\@e\'\4\\Ϗ\\0+\0\0\0\0\0\0 0@!1PAQ2\"`BaR\\0?\59\rb8Sqf6\%JO4\04`\Pt.56(FQC\x!ya4\^hQP^i*rSq\2\Z,5!FBQm?h\\\_\+\_\z\t\>=\\*P7EFBhji7jn>\a\r\Zo\1\\ўp,44\6\5>	Zl\3j\\\\I\n͢#\t\0G\\=pዦ\SQR\n7]\\Ύ	!8APp\'	BF\B\nQ\"/(mo]\%\"#yo>M\ʙ\\1\EQ\57\B(ZrG\fvj@\3?@\qc<k9\f{ϱ 7\ZB\J\,))\Z\P;\PK}\\ZMMB\\v\*f\7\+[W\\;\ǈ>ZAi\i>HCk9\\\0Pi\l>	5ytCPjl\\r\n	}\\?S\z@QP`(P\}\\/\\y\v\֯:~l\*k\\\0J\_br\n&\V}\Ś=jj/uaS\pE}p5M\@ȫ\\vI\E!B\{\,q\\rF@\D\h\\0\7Mg\4\\v|k7\݋H\\kE&\\n,*T֛H1\Ql\5?\_^/(P\qH\&}Qh\hpOkT-m6ѿX[+aP}xBVշ\\\Z\'3\V\{Ol[B\81.<\*\neyͺ=^#\m+\\]0VҶt\L.[\РctOkDl[Vж7\t\m]&WEC\0W@M\iL96\~?\i-,<\WH酱hb\S\n\VŰ(w\0\rd-7E\l[Ű-yN\Nqw>\i\rV!m[S\=\(\lr\֎\\}\"h\\B46\+b\s~/\~¥1\hG_\WAu#\\Z\hj4\lj\tںm]6WMcV\@%#\xq\B\n*n*J)6Q \StJ:ka[\n\K;yԒo[\)\nE%n{WQ\\\GQǂG5\ZSW^;60g\n2ql(ԏ	Mq\0orJ g\<i56ʛfY\BK^DԘA\qsJ*Thw\ni\w)\C\t\\9\r!@\9\l!Bh68\\\L\DrX\\^PA\=\\\\\:lt\s[$p\0[\\Q^\\J6r%B򋻭5s~x-l\\I9\c]4<\a9\xQꈔDZ^\ͯo\pϴ*\\\es\ŠJ\r\9\\WZD#[7\i\\"\a*{El#\j;\0\\%IR*J˨WUu\=\0J/9t\\"Qlbk>!`pA+yA\\9pO\\Jsb%5\\9\xB\j}g\9k[u2\#\j;\4Nsj}gYV1?\F8\ؠ\n08a\AM<S[\\&M}+Gk\>Ճ{8)\	PL#G{pMЍb\\k10cz1۽iN2pEc B\(yMt g\8\a\k\8E\\	D\#]7;[\\O\\\\ pyMߠqd\j<\\#\9ќY(T\/4\'\(u	j9\r8[\\\O[{;j&s\rEk<\_և`_\Baĕ-\[ڷoj\ո)\\\0𢇏9\Ni[\\WP]B\;Wg\\r+\\!oj\\]G-\Rq\]G!\m\"Vn*hm@\N	E\.\`\;9\h\PPAtT\,6[_i\E\Oi\ډiSAi^k*h}]R3\7>\\6\nJٰ\"\BS\q9\0\\|`f\nz a\9A\\E\#	[b\8һ99q\>jZEЃS\\s?\#\#\n@E\\S\*\=EEr\am\\\\&7\\Zo\)\s8dn\\\'<C(\PBn5!Es\^Q\Epj\r[Vձl[\X׈r\\Zcs|`A^\O\n.*Tá5\Cix⊊H\'\\4\P\(\0/v8^-8\\0\k楀\37\ WW5\Zd\\8\\47\n[_P\R\Q\EF&p_4\0\0<xPE\B٤P\(m<\׃l-t\\.]2Et\\[v\*T\ST\\?((km\Zʚ\=[u!WYEZ\\\\0*!QM}AE\P^NXcJ\"\*mJ5>\ \\\ahAPTd\0P9yph\? ʹu~q9\\'CiBB\CPhQ\\n=\0\(<`q	\H[:\AD\#9ņ\x!C←#B\!\rB[\\T\g(\n4EF\k\n(.7t\r\\]F\[B\WT.ꕽ\x`F\`\\\hTP\}*J*}XZ3,(#c6\5?\E(\\A\\Q\B?\F!`eX(o蠩\)8W\\09\0	\0\0\0\0\0\0!\"1Q 02@A`aq#Bp3RbPr\\0\0?\0D\*32^N#jD\%&vbC\OhY\*\ZgU\}Go0\"!A\r\k>\\i\4\\yRF~sLAˮ\0d\pZ;\&\ZOVyb-0*\\V<,7\y9\\\\\XmFAYx*\}զ\\Y\\0ԫbP\"*O\\"\;ar׫\\\8mQsA*͒8Y=\׀7^Q9\G[\V\]\\y \y\fֿ*\\\\gYT\ȕ+\\W\(\\PNT0׃]\t]\p\`;nxF*054\\.\X:Y1Q\+\\O U\Z\r\\u\U]UvF n9P\\\e%3ᇣhQw|\Zг\\Zؼオ\\{[\\э!nHV* Qx?T}\9Ta6vCHl\4Jn辛\+\\E}\'tSi\\ J-974)ҎtM\I\u^n\\y7U\\	U_\\Z\aB@`3iZ0\\7-\h&7f1\hCV):#Z\\\NԨF\bᝬZl\n,>TAشksVZ-ZXsP\n.Zsa=\b`5\\R7\Q,\\nˬo\O\))4a\;F0V*y6nP2*;FW\ry 7~4n֛INaY\\9,*em[TҤ\\\G^\5i<Vqxo\o\Q\C5S96\\W\p\\g\0\Qg\LI\8\\^\\ԛGg囋L\n\\-c*\r\&\\ZWǆ\爑P[\\jkt|b\\iW?E\R<\\>~\(RN\rLFv\\;\"\Z8$\\Bu*4.\1-^-w%7\+k\\4QF\\\J\;U\+Tة\<-^~\ZRwU^Y?\\0+\0\0\0\0\0\0 !01@APQqa`\\\\0\0?!ٜ?,3y\僔`\SSwŧ8n9\"\\p<f\Z/5\"*;`F\7ѩ7\`\6;\9\'!\,Z7\:\T6zC9\\\]C\lc\\n(oؐ\8f3\A\\C{P\=\p^o6o=3k,y\"\Ul\M\\q\=\\\pyMl !3V\l^A\]XZ\\n1\\2=\\J8\Ň׈*c\=9㴊Ӓ{AICc;CQh\t6E	:(rOk::ҧ[ \'\\0\\0\>\ruYx4֠$80(Ui@\\\0D(=\	\,M@]ಆI\	:\H&-\03\j4d{ڔD2\lQ\WG\\ZY\\Bk\=\q\A`98\!\g?8\Ov/\\S\0o<#\=\D\zᐲC9\zF\r\>яT%lA\#%\^8\r]\8-=Pڼ\}\\0d{X(o9g,!\Ab>B|T\8M;ԃ\܍QdE\!68\\49\D8Aa0|\ @AЈ2Gb3U\X\aȑ\Z\v\1O\`Qm\\\(3Ti0Qɂ\\'h* k=8&^v(\\!%\"oNrQ\ET!E\0?!OH\"<D->h(j	T0\ <-\HH0\08>\G10h\&e\Zt\Öp*Q8\6*+\g\8\\\0(9#\|05t\Z1|a$\\xB$&|\n\\E\\\0,Z!ZH\|cXMKC95];MZR\H\"Dx\l\eQEda4\ \\\"`Q\np(68\8㵈\Hix\v.<H8D+E#8㇅z(X\\V؁3L\z\02#a,d\iQE\I\p1F\\}B01&\Ԙ\{^z.\r܃R\ǚ6MCX_\׽%mqt\\\r	\;\UB]\.\\\-#<X!\\PCh\0Qo\{\i\W@qt\\P\\cq\hc\\0{(t\"V\d:\"dstdD%\(-o\+@p\1\{*\d*(:1(lņz7\,\ބ\*>\i\Qw\Zwd\[\؆&\Hf*lT4[T9aDd&81\,j\V\\"r\h5.b\?\\0fkIW\/S\pZ\cBB\-cc\գ\F$TXl;w0W\*1/\\0UC`\?5@|p\0\u\T\8Xh6oA#pI@@ 1Ķ!o\oeПPOـ\~\\!u-	{Sz6/8pRk^	Ș?\ rRPE|\\0>8ҙ%P?Ț@I0Q%\^\B\ss\59k\sCP\0h\8SY\G:?T\c\#dJ\@3:W@\\"_b \\O\\v|ҧ\\0aa:)?\,<\-\?H\\\q\\\}c\Z\\pB\%B]p;DQ\\/q\t`\#5b?Ia\q\pL\\A2xF 8\8\8\	`?iJ$e>\Z& \D\"(\"a0Mq\ \02c\ĵ>#8\8\8\!`M1V\\\H|\n)._\"WMpdq\0Qa\z\> q\pA=D(@ }\2@g!Ú]X\2`(tbJ0H\\0\"(b `\0ƻX @1\q\t&QEQE\0ASq\2	P\\j $}\ZL0h(\\5#	\7\'Xh)D;_\\k(I\<\|\0QEQET*Q\\An^vg~!F`cꁓ&\r l\08c9b<HBI2]q.\\\\>\\oD;AU\QE+\r[0\"c\\A\'Sq*\,\4p4 \y@ɓ\r+\Z>B((GYF\c\0 Q!s( @JP\rg\0\j\Wo\\\P\0AE}Ō2`\\0(\0n\`\"D\0\01/|\\'yHKیAyڞT\\c<\' 2d\\0݂E\05OsA(\|	\=\$[r(r\\}\J\^QP\0c\\\ZLpc\\݈`E0O$!۔TYh@\Z\Dȃ4<\KNV\`.Og\0I\?\sg|\\FIB5V\x\\M\f1s\BG=n\n\܏8\iX(V!SQZ\N\Z82@\9F-E\M㎎%)lU6zؘz\ޱ<gy0\\͆.Ʈ#\DzǍ䍀\6\E{q\b6b/5P\(1y\!l\yP\h-?\\0\0\0\0\0\0T \;Md2\\ţ\0\0{x\0\0	\0\0$\0{\0\0\0L.f\$\\^i4\\0\rX\HĞg\0sI\$\\0\0\0\0\0I$\0\0^~\0Ob;%\SA\Z3b<Ń\\\&\r\\j\@\0\0\0\0\0@ \0:\?wW\CH6	\#\}\Q!A0msa!8 \0\0\0\0\0\0\0%\rpI\\M$%&nm1\<`8\L@$\0@$n\ GX0t\"P\"3PhRg\``ݰ\0X\Z{\\`\k\0\0@ i$\0\n\0\qCΠIC\Eۿäj˵@T\0\0\0\0\0\08I\0\0\0\0\0\\0\0 \0IpI2\\Āx2X1\"\TQ\s@\0\0\0\0 \0\0\0\00\0\0\0\0 `$@ \"m\0C\\R]\'nI\\'sT\'H\0\0  \0\0\0$\0\0e\0\0\0	 <@f0\0$ :I\m¶p\0\0\0\0\0\0\0)&\\0P\0\0\0d\Z#B\"\n\\p\q\0yNL{mh$`\0\0\0$\0\0\0\0\0\0	\0\0P\\0\0\0\0\0B\\0x\0c\$$	`(p\\L\0\0\0\0\0\0\0\0\0\0\0\0LҰ\Z!\0\0@\0\0\0\0\\0\0\һ	nA%zyL\rn\0\0\0\0\0\0\0\0\0\0\0\0`\0\0\0\0\0\0\0\0\0\0>1?4\L84\ڶӒTO!A\0\0\0\0\0\0\0\0\0\0\0\n@\0!\0\0,\0\0\0\0@\0\0\0 \0Hd7h2c/^\l)h\0.\ \0\0\0\0\0\0\0\0\0\0m@\0\0\0\0`\0\0\0\0\0\0\0$`3A[D\r\y\]\0\0%\0\0\0\0\0\0\0\0\0\0B\0\0\0\0\0\0D\0\0\0\0\0\0\0\0\0\0C\n\`/\0d>1$F0˫.:2Ul\0\0\0\0@\0\0\0\0\0\0\0\0\0\0\0\0\0\0d\0\0\0\0\0\0\0\0	$b\\.P\T!k\T@@\0\0\0\0\0\0\0\0\0\0\0\0P(\0\0\0\0\0I`\0\0\0\0\0\0\0\0\0\0\gp]U\$f\4\\0\0H\0\0\0\0\0\0\0\0\0\0\0\0\0\0\\0\0\0\0\0\0\0\0\0\0\0I.\d\*\S\r\\d\0\0\0\0 \0\0\0\0\0\0\0\0\0\\0\L\0]\0\0\0\0\0\0\0\0\0\0\0T >yi5+3#~XD\\0Y\0@\0\0\0\0\0\0\0\0\0\0\0\H\0J\0@\0\0\0\0\0 \0	.XSO>#0hW\\KA\0\0\0\0\0\0\0\0\0\0\0\0\0`I\0h\00\0\0\0\0\0\0\0\0\0aV\0lF3\u{\\- k$0`@\0\0\0\0\0\0\0\0\0\0l\ZA \0\0\0\0\0\0\0\0	\0\0\0MC(	B\n\\Pi,\x \0	\0\0\0\0\0\0\0\0\0\0\0a\\0\0\0\0\0\0\0\0\0@\0\0Ϥ6B7)>\n\0I H\0\0\0\0\0\0\0\0\0\0 \@@\0\0\0\0\0\0\0\0\0 \0\0\r\\"S]ҡ	\0\0\0\0\0\0@\0\0\0\0\0\0\0\0\0\0t\0$\0\\0\0\0\0\0\0\0\0\0\0\0@8L9)4\0\0	\0\0\0\0\0\0\0\0\0\0\0\0\0	\0\0\0\\0\0\0\0\0\0\0\0\0$\0H\0\0^MY+l\\8 \0\0\0	\0\0 \0\0\0\0\0\0\0\0\0\0\0\0B\0\0\0\0\0\0\0\0\0\0	\0\0:\謼Ą\r\0\0\0\0\0\0\0\0\0\0\0\0\0\0\0\0\0\0\0x\0\0\0\0\0\0\0\0\0\0I\0\0\\dݞL\/ h@\0\0\0\0\0\0\0\0\0\0\0\0\0\0\0\0\0\0%\\0\0\0\0\0\0\0\0\0\0\0	\0\01]Q:\\0\BJ\0 \0\0 \0\0	\0\0\0\0\0\0\0\0O\\i\0\0\0\0\0\0\0\0\0\0\0OPZvSCfۀ\0	\0H\0\0\0 \0\0\0\0\0\0\0*@m.[m\0\0\0\0\0\0@2\0 \01I\0I&\-\7j!\0\0\0\0\0\0$$\0\0\0\0\0\0\0-\0\0\0\\l@\0\0\0\0\0\0\0!u\0\0I6\x޾|\0\0 i\0B JӺ\M\hcvZ@\0\0\0\0\0\0 \ry\h\0\0\0\0M؛$6m\0#M@\0@\0\0&\\0\0If\nh\Ld\\0\0\0\0\\.I$\0\0\0\0\0+$I6H.F>\0m\0$\0\0\00\0$I$h\\4/\&\\r#I$\0\0@\K_ى\@@\0\d\0ARI6[2|B	E \0\0\0\0\0N̒L\0\0\I ^I$WM\$C\0\0\0\06\ޛII\0l\0\0\0@\0\0\0\0\0\0\0\0\0\0\0	\0$m$I$t\\plE\\\0\0\0\0w\$&H(\0\0\0\0\0\0\0\0\0\0\0\0	$6\kƑ-	 I$H``\0\0\0\0\I$ɤ\0&P \0`\0\0\0\0\0\0\0\0\0I$)\$\0\0I$I$P\\h$\0\0\0\0^r\l@I!i$\'\\0\0\0\06\0\0\0\0\0\0\0\0I	@\0\0\0I$I ]b\,\0\0\0\06\$HlI \0\0\0  \0\0\0\0\0\0\0/WO\\0\0\0I$UϢʴ\N\0\0\0E \0\0M\$$&H\0\0D\0\0\0\0\0!\0\0\0\0-\0\0\07m\0\0\0$I$\\\ 3T\0\08\H\0\0mI	$ɤ\0\0 \0\0\0`\0\0\0\0Id\0\00\0#\I\0\0\0\0I$I$\002$\0\Il\\lBI!i$\0\0\0\0\0\0\0\0\0\0\0 \0\0\0m\@\0\0\0I$D \a`\0,\\0q3$HlI$\0\0\0\0\0\0\0\0\0\0\0$E\0\m\0\0\0I$ \0\0v \JAVm@\0~ m$d&I\0\0\0@\0\0\00\0\0\0\0	$`\04\i\0\0\0$I.\0~\x\0B(\0\$\$@\0\0\0@\0\0\0\0\0\0\0\0I$Im\H\0\0\0\0I$C\'Η\GĐ\=\(\0\0\0&I)I$\0\0\0\0\"\0\0\0\0\0\0\04I$\m\0\0\0\0I$#9\K\r\0uy MtD\0\0\0$BdI$\0\0\0\0\0\0\0\0H\0\0\0	$Hi\m$\0\0\0\0$I*\0b_N\n(\I\\0\0\0\0 4$I$\0\0\0\0\0\0\0\02\0\0\0\$Km\i\0\0\0\0	$L~rB|\0\0\0\0!I$I$\0\0\0\0\0\0\0`\0\0\0\'\I!$\m\0\0\0\0I$\06\06|{OH\0\0\0\0	I$I$\0\0\0\0\0X\0\0	a$I$\m\0\0\0I\"\0	d\$NNQoC\0\0-$I$I$\0\0\0\0\0\0\0.I$Im\i\0\0\0\0	$\\\K\\p\*+}\\0{\#p)&I$I$I$``\0I$\m\0\0\0\0I$t\0k`\<imR]0\00ǀ\0\0iI$I$I$\n4I%\m\0\0\0I|\0\0`\ie\0j\\b\0\0\0b\0\0M$I$i6m@\0\0\0A$\z\'\\0\0\0\0	$h_\AnbRK+C \0\0|@\0\0\mi&<i,\ŀ\0\0\0\	0ZD\0\0\0I%V\H^\>\$\0O\0\0\I$K\\n@$\0\0\0\04\0$\0 v\0\0$J\֗\U\DA׏\\0\0\d\0\0\0C@\0\0	$\0\0\0A\0\0$&p\0I$~q>\F2[EᜀDk\0\\0\0\0\0\0\0P\0\0\0H$\0@\"A\0I\0dM\\Pl-\\\ZF\f$\0\0\0\0\0H\m\0\0@\d!H#	$C2\0A\8j!3\r\#\g\0\0\0\0\r\0@dH2\0\0\0\`\0A&@\I%\\)\n.\\\7\@.2Y\\nn\n\0A\0\0\0-H&\0\"DPH$oI%@ATM\\0:x\$&\h\'0/}bDW&	\0\0\0\0\0/$\"@\"PLݕ\! )$\xEػ\\0o\0XC\p\0\0\0\0L$	@eJ}\&`|I<q5pJe=ߊt A^2D$\0\0\0\0\00\"A	2Xd3ybi$ca,9\\\@?$\\#H7@Z(\0\0\0\0\0ԁ\0fLDA\\nbh\I4aR\~V\h!/]`\\Q\0\0\0@\0\0\@ CeC9I$([\\\\BR-\{\\Z.б̧3.@\0 \0\0	\	X\n+\"$\NAGf&$X0A)\0-)\Ǒ4[͋\al8\0\0 8\0 \I\0I+_\\)%\0\0+jE&0Q1\OĀa/CmAH\0\0\0\0\0\\0\0\0HF\wyȓt \vH&=Π@9<6@h6%,vaI$a@\0\00\0\0\\0\0\0I$I)\\\@\0\0\DZ(<rq\ \'`0H\\ZXm0\0\0]$\0\0\0I$I$H6e\`\0\0]O$-tBG\E\1y4x&\U\\N$ \0\0\0\0	3\\$\0!\t\0$ 	hx̀\e\GAB]i<v,$\0\0\0\0\0\0\0H\0\0$\0\00@I)<\Zh\d!{0D\Z\v3\Ej*D\XL\0\0\0	\0\0\0\0\0\0\0\0\0\0\0\0\0Y\0	\0\0w\0ZIӠ͒\)$\:\\&4\0\0H\0@\0\0\0\0\0\0\0\0\0@\0\J@ =Aʆ`:*7kd\nxetS`6¤\0 	 \0\0\0\0\0\0\0\0\0\0\0\0\0\0\$z\\\\\\\i\1|#\\0!\0\0\0\0\0\0\0\0 0@P!1`AQp\\0?\\3b\|\dڟC.8,G\C\|aKѧ\x\C#GxE;}\>\XF8,G1c\2a\,>\ۃ*>8\yƅ|\\n}\l\\\\\\\:\r}͜8\҇G쏈9.4rt6cJ\r|\ZY0G_qn\n98q\N\x04vNFgn8r~.\q\\CF-;0\p?ˈm\\\20l\ۣGGgkKc\:wڂ\S\~0𿈢+Bߍ\\;\#\l\Af8\[ttY\pPtxg\	՜\nldG\FΜM=lxO\:lu<_M	\\!\=\\'\(*1\Kϐ\|q\EB>*\1͏(J\\QU(N F\\8?dw?Hll\F\?|G\Yp\J(\\r=\'럼26\<L=T?\#NU<91\O\8b=N4tl\\0j22,٧Gg\\\\!FK\Z4hј\f3[9~\F\0`\b{?\01\b\\r~\\F\N?P*\R\\q\\;q\q\ߪ(_\\7~\?&\b\8䂸aӏ\\(	H[\n.8\:}E\0bD\"EQEP~#Ȇ8\󨢈D\"\\09EQEQE^5lF(\ۆ	񨢊/(1E\gN:?	\'¢/:(c8\ڊ(<8t`	\(GcCᾎ\'E\<\Q}>\\i\z(5`/s\v,\<\\~F\v\wsk\\"\?\\<g`h<?u|3eEpg\菌S8)Q\0OX?\#-\rbͯ\\5\ڊ/K\`R\\"\(ۂ\Zu\n\"15	t\l\C\0H`\G\<\]`\02_ҞY?Z~ \'	\0\١cg\1Fa\#J\"\	乌J((p%]\\`\.\\F^ONQdm\iR\<\/>XCN\\.\㷗\\q\\!\\T^q\1\\t\\x,Sv}ϝR+bxc(\$_\E\dE`eY\G\\'?_\1t0:.F<QP\888\3\c:ѡgCݸ>\0Á\pg\ۂ\ˏ_\\\\RȊ\Z4([,;6lq&\;4(Y\::=5\\Q\\EgC#n<G%Q\ A\rT,lx\\n+VE!\E2-Z\T\'΢\QQp\Z>pi!UC\'g\CDcj\0(d\\B\c\\lCG\\8oc٣\0\\b\\>\8㏹\2x@\\<P\0\Z\\`\҆#*6\m\0B3`\\4aЂ\6>\qvNM(t`C\'!\eEc\'g\\\0&\0\0\0\0\0 !01@AaQPq\\\0?[m\8\rGbox^\/\0\w9&|t\'\\\/aw\\zvb \g\>\ x)lE@D0fޥ\&y-\$\냖\\\|\%A\\\y\\g\{^\'V\6ɷ%\w\jzPoyw\Yca\\e^\ܖyx|G\y9ރ\1.6{ͱ6\\NG\\\\/\\l\\\K\&\\r}ˇ#\D:چfpx9&gmYyx|{\3=l1ca-\\\=\7ͲA>\\l\pͰ\&\p\=\l<=I\{Clw\<\n^NTѓѽo/A\o6=.}~\0b	?\A\=cʔ6\t=Je;,ÄO{C\͖\S0tL=\-\Ș^\D\s\끆\gzw\;z&x}\\0\v^\'ނޑxx-\-\\!\z&\B\3\7ͼM$Ý\'\r}\@7al\\XG\\\ڞ\g|oA<z\\\L8\\ox\pd\\0d\'\\\\\\\\]\8\rÇ0\0\oz7O\0z=U\\0^V=\l6\<ً\\ygԥ\\pFd\\e\.o\8|\H0\\)Y}rt\r\8	\{/V\xً\1\p8ݶd\<vK[;L\\컙\lL!b=[\ϖM[\xc\\o@^\xy\mӇd=I\0[(&es\Fc뀉\\r;۳\ZN2\qO\\\\߷N\\;ս\'%\N\\ݳf\Y\m\d\n6FͶ\\?>v\4\Wbݕis\\\S#2L\{OyOA\\\\\\8g\	l\\m\\?\\cvte\0\Uu\`\|G\Cc/&\\fpKpGx!\rswA#s\p8mv\v\\0_ÝS\o\\׊\\\\yO	\t2H8x\28C\.\l\e\a\xo&\\\zw\mY\$KmO3~q\\x\"Ym\-\\{K\bXo\\'\>,;k?\\-\\0Γ,\	\\{\\!r9t\Sm[,\]z#v\\n\]Ķ\\I\\O9\xͰ[a\C(m\b\`Â,E\ly^\M\q+&\lq\0K\rёn͐c%\\&ޭ,\qm}[վ\>\}\\{\0\\0\Ag\'A\ؒI\o&<>;^7\\\0am\\\vޡ\\a\gNs\'\'Y\d\{\d\x/\0\9|Ώ眓=\'gk2oc\0a<	1,9=e\+oY6\\r\l\սgГ3n>yo\dEp%\_seok\\\\,\'dnKI\\>\\6\mGp\p\\8:_pOi\ \d\=;m\\0W=\m\\\d1K\X\:G؆z\\\	\\|Ӽ\\`\qNgb\x\ϙyw-oND\2O9{3\䧇\vf.\\'~ÿ\i\gF\r\0zH	%\x;O\0Kx/\L\6K\g\\v\\K\X\t}ǋ\\1\<%n-H\\xo0\ݟ|\y\\mb1xf|GO\x6yoK\b\\ܕ\\l\"3f\\\r\f%\\'\r\\f\>\~Cӧ\@l\\\8m\β9\rg,a\\'\/e>\\2~K\Bo9eњ\,\\"\0\rq\\<>\9\гz\?3\e,:rA,\eHzl\8x&\0\\\D\;p\ְ\\gϳ\~^\l,\8\ \%\\ԁVdӼ\X,/\<?(\-\÷o\+\Z\\0\r\,\,h?ĉ﫸>\\\\\Y\Oɖ\\$\2OiON2\\\#\\~V\9\wө{6\0eߏ\dd\<a{\\=\K{\cЉ?>\?\\|rLsY\A\\F\\IXQe@l<~y,\0l\0l\0l\0b\0\\!;S\\0vY.#\\;Ck\fQ\\7\3ף\OCeزπ_*m-\ț\\\\Z?3\^\\S\:\em\^\y?ڽ`\sϻLz^z\~w\~w\a`zĠdV<\,/FX\\ŋ?{Ummm\Z^3ݝ!a2}:!ն\mV{yGO65\(\XGn-/\\\\\ Y//\Kz*\y~^\|o\0W.ԭ|y0\\\X\{Klw\\^m\\rYg\\	\rR˾\\\$t	o`uC@=>\e_V7d\\pf\\f\ξ-|3ס ٷ\v\}t\j\ػ\}Oe\p\m\&y\Xl\ݼ\f\\\]\Z\\z;jK,rc;u.lޥ6\;\\~n.%q\p\dgA>C\;K\\=ۧ\:\\\'\w\\M\\\\h;Xr+\\e\z\'ș\\?\3̱\~\i9l\N\\\\\\vgV\M\/1\=1:\>Ik\\[=C0Bx[d\ \\\o\2,zWӯfC1\\r\\0a\oi\V1]z\z\.m\y&\z\z.K_R|2u\v\:\'\\\0\Wߥ-m/\\0ì?Cg@S\8fJ\\~\/\\l\\\o\|\\:\\u\8w^\Z<\\?ռE\\\rB۲[\Y= {\~\\0\Gԋ6xyC߬2?δXA\\\tgot=\8g\8z\\&7t@|#N\w\\OX\\i\\\^8YVM=G0?n3o&I\\zH!9\\˗KPA\m<m\_H^\\)\>3\}Oz\0\Ze\\\<)%M\'9Y\=\w\\\\8\2NBYd\\orXp\ ,zw\2- \\!\\H\'\\';ٶY6AK\6XŰOk6fd석[\\_\Z\twό\]Cg~K#\x\3݆e,K>2\Zl\|h-fto@#Yd\ȌK88P\o>\r\e관sCRGѻ{v~<3;\Cm@	ae,1\\[eK\\\0\hr\b!ޅ\8\k\\?\ׇ\x܇yl\K\{f,8<z_\Y\C\ewX/K\l}\w{\-\\\\\^	<\r\\{\\8\'\	8<\\'h>Ye\\e\\v_dc܍4~\w;\Mc~\~\~\\L\;ק,\ \ivrΑ;pvc))e\'\G\etes$_.WR\0\\\\\'7\\NK\C\+薔{_^cYg8x\N\0<\x-c\oxG6X\\'͑$O\0=^\/K\+~\\\y\\^y\\zNVD86\\e3sb\0\pxޜ\ 9l\\\!)\?\zr\)ֽJ\e\ೀ\\\g\r\l\6\&\oH\L\&ys\\\\ǅiy\L=\Z\\ཡ\28+e\H8}\	dĶ8\"\C2\,\\\8|\\0i<}9\'c\?xχ({\^\\m\{ m\<LI=L93a!\';g[/^xD\xvޠ\ss\\\`ߍ&|\L\#\g\,dlD\\^\g\9=\DK\"X\tqI\/nzD=ڝO!\Fy~@0\t\\%\\'\d{\pdC;\egx\,\x8\bY~\0\i\\'\td_sl\Z\g;o`A\fސ#\w\\0v|a{\zN7dAۆ\o8	2!g;F8gk8$\7\'\\|\=\<\u\^\(B8b\"#\i;\N\{\Z\\*\\O$&x\\\	=\u\r\3Av\!f\pω\A3\\<\3GDDDDDp#[\\0	\C{	\6xvޓ\cHe;ng\6{K\՜\˓l7\I>ɜ\"\\ߓ/OK\\"\"8\\\0\ÂGc\n\ќ$\G~2:x^\or%w\\{߂𭈻l=*!$^\: iϰ!a\=\'\\\q\H\\\Ke\LIg#il\ <};P\.[&\'	\b.K\H\O[9~,W\\0\0N[o0·@	DDG\j?<>\wh\s#1\\lCۇYwI\ \(vHnF\g\\xa\r\M\\'\!\\\FY\ބ\a47\(s}+老RsD=8=p7\\\8x>Y\\'\1\'%0-n\'Exm	\bx&Lt$r|DE=NvGnU%{B=o!OV>︈/`\=\xl\\2\\^\u3`Kہ\a\o$\r[3ɐēB\\\r\\'\L\ZEc<e=@\\\댳\,^W\rc\\f9+yLK\\!\g3\mA}ßg&ْ\"NDY%\2JdaGIY\-&<\'\'\rf\6=ܿq\1$}>OS\3Ha&o{aDM\#\\\,\\Է\[\\f\\!\AǸm\6c\Y\/K`\8>\\\a솆kO\\r/\G\8)Dܧ\\\\\\x3C\pLɼi9#\\N>12\l\\'\IVC\Y\-\\\\/\/\-mz\\u\$O/<</rA\\'\\K\6\)G=>N¶l\\{`\y8\\\z\	<OQѝ\'fOIwo\g\rn훼;\\x#d\\[\@7\\plD<8z9\\\'\a$r\,C{\s9\\.r\r}Kߡlq\g\^\xg:\\䟇\O9\;C\R6b\\LCcL=\\\0*\0\0\0\0\0\0!1A 0Qaq@P\\\\0\0?Yr\$t\Z0t\r%\xN\"@ML\$g\\ZV8wɎqxLV=$\"I\rjmbBx8Tb\˗r&	pb@큾sH\\\L8[.8Xk\\\\YX=<`\T#Ç}\`\"t&鳂ܸ\\2xrF(\.鋗ˋpM\\6B.N\Q0e\\\Qٸ3yQÀ\\/.\+z\*ieqɁ`C;\\6Ʒ-E\\2FT\bCxm1Ma3\E`\9#\xX2d#M`\"\x⨎n\\!6AhT G\'@\1`@+^tx`i`\=c.//ѶPhsԞ\ĸ\\'\/Qɾ\rtp^Xu, \^:\N#7abh\\Xeˊ-\\\,B&@4uˋ,͒\@x\:\0\\"!߸t%ǥ\0.^F-\\Xݕx\Z\\5MgaqAr6Ng*͐뗢\5r\ٹ+\ޓ\:E.\\\\-L(:`pc*3\aҺ/H\.\\!-\\n\qNn}\l\'\\C\57B\yr\F;B,ˋ.\\cw1\ki*Q\(5.t%9\?B0(<vG~N\e\pf\1eˋ\\F^\Ò8tX\hK\ล\\ T\"\H:K#;]Ǫ\%G\\\˩r:\FJ\\.\î\n\b\J$\"\a\L\Vn$\n~У:P\#}6)O]x#\\r\\bQ0\72Ch\H\D/\\.0\(CizˋҺ/i:j\\*\rF\_ y\\ښ=`Qn[\\I\M\c*8#dk%Ƒn8E\\\8^sr\.,~\-2MQ鷈O\-1$(~\R\X14KGk*ue\\pT@\sR\\\\\Wz3v\[m\\8w\i\׮l>\0vBq\RZC\^\(\	xZ\.^jm+e\.iH\x\Z\8\f\uK.\r\e\\\%\-\.D20#=1۪\,~\\&?c3Z\\\Cb\.)r\8%\C#\tEr\\.*J\"\`z\oᕠ}\nܗ.:3\\2\\2o$Nb8E}\e\\\\cX8a2ak\sà\\feb\+YU*$\\eӤ\\_ؙm\Di)\v`g\̴*\0SQ,Q\y>\Keʄa\GLDq9n,\\X~f\\\\(IE\#\'kj?\kc5>\r0N\\\\W\\ve\-9ժj\0s͗.\\\:M\:*aV\Z\Vpo$!.(/H\\\\\\D/&\\,X\r\\w\`-%We\2ki4\\ga+L;B\\0#.,a]#*1X0X͐\\\\.X\\i߿:\\Y\\Q7?$I=>ȱ.\\ ax̾Q\n+k__G	\\"B\Uʬ^#L.LX*kLTZb\9{a*W\F\\\;!jZ`8Pm\*ctg\\\}*߱z4㬬V+-n,eD+.7GlTc*=\\D4ݷWM>s&\nF/\z\(\T}!dDRt\yX:`4[*3yXIZ\ºN\0v\Zz΍Y A\0\2\\0\\0vh\\\\#\"\5mxI\ْ`.*\\)f..\,1eŹq\~\\m*U\zMaGډZa @\\ZEM,/\p\c8\r1t\/.\'hsҭZ\˸o	xvXCir\1w򱆱4xI?y\\t`/hY\	x\"͠\Z@!r\E$e\z߼^\Q\\gBX(\J\*\rpbax\FQ\\\\B\\;Viԗ\t:Ei\M1Ne\\0eW*Iq¨\\WSQlWr-_aƕ\'$Ĥ먬;DYm̤̿\\d\'{0xʆļl[\+\\0.UF^\Ը\\cn`ՃE4\\\M8}ʧ \'kEV\\o\0#\Ћet\]K؋\|@B\!m~\\n]Yn\'8\\/iR%%\\\v	rvʔe2\ory9%aMB jIq[\\"I\\m@\\\sp~\<[΅mP\\5<\]|\rV\\|\*\]OFr\yq(8\K	Ri*1t\//\S\)\xx\\0C\ɤ\|\\5@\[\#\=\'=\ϟ=\(\C\n\M\\Z`\QbOZ}\e\\'\\K[p\>\0md\Z~\@蛭`\텛\'\S\=R	R&)/+\RQ\\'\\Z7-\e\#Whh<ߘ\(Jx)\S\>L2YYC ݨ\"CSPa,:7Mm\sbӢ%\'\1йWon!VCغ654]\0<aG\ZRCeY	\nkR&I\9A\Tp3FRT\tB\VwJrNF\˗5<\z\mf\1cPݨ7\/\C\0<\tQ/\0/\c.ȶ1\r˂s막\a>鞟\zgz	Av\rS\6\YȨZ\r1\\)-->s\))\T\ qYZKe`\\.Nʕ(\;r\\}\/ƍ\\ZlO\Jy,,.Y\{	\\'{\c\G)w6aɬ} fÄG4C:+oq߹Ri\))(\GHP\i̹r\0w)*WY\4	x˗ۻO\Zn\r.\\}kR\\\04\\\'\j2kD#Wﮥ2\RPw\\\Ypa.\ŗ.N\d\\ZJ\K\[XeŢ\4\\}K!5\rTMN\0\\0ޤvϚ?	.SNzbdWҁjc!2\\\\v΁08h\H·,۩\\PN\|ް`\]d\\1r\\M]e\\<C\S\\rݩkQ\f>\4Ił\`\Ԭ\\Ypb\\\s[\\C\\0\\ͣ\@k\ZzT\\r\\^\\\vٻS\nz\\Zu\\ҁ_E\.6m\\Æ0@\\.;JGOH\vj\\U}\cԹ\ \rfr\ЋH)O\x{\AӿI\-E\\C\\ޓh	Q׵c\ۥ,{\=\]#MmZ\_\0QPm&]\y\yeo,{\g|\ \\\\=&\b\\n+\{Uɔ.\ڿ}\\\\\O^:+F\:A\\a$-+kd\X+D#W5q\\Yz)+6p\?GBk)\۠Ք=wР;	e2@\Z}\\A.\\\nC\`#~\\h;9zL?K\gy\kgp\\nS7\\WW\1JA\Ja\r&\*1\z	\%\\\;6\8\#ӄS\wK\m;e\\vʆ,+H訒J\=\]	S\\p\N:SX]&B@a*\J%e\\/|QK\\ŶAs\9\	ZJ*.\H\+X\T\TN\fCؔb}n\\r4>\W+\*X\ OxT7$2\\\\r	RJ%t\Hw\4ÿ\W~\X\S\Ub\[@@/\\Z\[4:m\ҘTC.^\!\kŗ\=wEV@}捻5؁DvL\&\ƊvQK\ӈ\+hz~ N\\>\IF=$%BTp`\\8b\j.+L;u`\VSn\|\ Uui0\:\\.2\ \\\r2a.,8\ۨ\/N\F7V.\\6Ő\Pn7<\@)ZK Z`ܿ\t\PV;?J\\qAGf6b\:V\\$u{fm3d\ok	Q0I\GKWe>D\Z,#ۑ9\?>	hO4\tSnE.P\\)Z\h\Azl\Ox݊/\\0\0\\0i~\\\\Ӏ\"J]$0Jʵ\\%i\\T\^=k7\- w xG\Wp+\0lJ\?\0$\\?\7\ f?į(\?\\0\00\0O?\?~\E&\\DM\pj\'`\\\|\U\|\\\\\EW\-P\7\\\/\Z7!\\%\\ဌ )«\\Ir\RYHF\ -+A`\n-0+\\ѓ\Z0\\J\\{cSe\`ˇo?̠|_\B*~(m\\'zAE\0s4j\F\@\u0aҢ \"PH\n\0g(=\\:\r\lEnN\!9\T5C|\\ZPHJ\n\L\aaIRD=V/)\\zD[\J7Vv\z\\(0\|ϜK\aOǲsi\ﴍ\@5`Sx$\|a\\\\%JTG\\j:\H\'pϸܑp2\82\Zb\0*H\Z\BI\\r+)Y\'vShVW%F\(ʲө\<HN#N^2\i%#+\0\\}̊[\0BI\'\>y\1I%n3Z!	RB	aθ\{{#x\\\:t:K\r\\2\t\$\V	pb\\0*TQ+-\\XVY\Z\'\XVU+\8DnM}\r\0O\\\Bz:^pI&&2I\*6XAYz \\,Ў\8%\c*TL\\5̍f::n\GB2`@+\\VR%eV^)H#mUu\\n\%<OTOD}c\fǨ-+\K\?u}X=_xh\ZSVR\\W\'Qy}NHìHo=!A/[\\H\\_\X2\\bJ\k*;bJ\\r JX	Z\rmJ\Q9=5*\0L\\fT1N\x\t\0\*\\\\\"\\ô<Ѩ\.)v\S\^\\\\U_ZB\\\r\̈́>\/\V\r,PJ;reAAaX\jn	~σax\n\3Hm\\\\\eJ\T\"tIP\"T7[\"BHm7Xv\"@ʕ,#*$X\ri{0+A\0/\BJR\0\(\=S\=3\HG\2XK\7Fv&\0ּShxK\%/+u灬Ojk^~{w4\n4!\[ʳ\˿GV\\=!$\ODK8w_+Q5\oC7HJ\`40\\`.%@\7F\"J\\1P! JЗMzN0\ˏ\.\XW\Si\ߗ\io9N34aaq3_\}0Z\!*\ZV\B .Wpo \\^<M\4,?̧\\\\\~M\*\\`\G$) \$L\D7D*pp\Di*:D\@Ja1:;\\֊@ϣZ\\U\\\G\\T\aa>2c[\O\\dD!Bx+(\Y\wr?\bgt\\H:C\0\01B\.\㬶j\݂8p;dw\\\r\0a8\f\\\]\"\.\q\NQ|7\B@-Z\z\zgzc\HFH\R\уId=EH+i̾--8e;\(K\\0GO\%\\\]cD:+H$#\bJ\TpBtA\VXFyZ`!X1e\6G\!$K\Z;A̙S\i<\Mʃ\n\\\r\"\$a\\m\v:HB!,7A\Z\Tݿ۳1]\80\$K\^Z`Tp`tH\\"Ը2D\\]\\\r%\:T~4l\\\*Pڇ\\\hiO\\\O\\\\01_\?WڀA\0\эj\\0O0!\`aS}u\7cG\\\\\lV+@\\&KA\raw2C\M\JFq+r\\\{*h\@\Z=U+ٓYowbSL \J%\ S^\!]TL=	D0KB%\B=H˗qL\Z\+\)\r0\\m\)J\	\\g\\'-j&]7g\J\@6LԬ=\'t\*2H%\9.,\\FmH\¡#\rv\GH\!;twcQMsPoo\̧!\E;[[\[N{\\\zH0B2a\"k*\T\6p*IQ\\&ɳ# \ǩmzЦ\}`\\\nǈXmؽd{ ˋE˄\r!.^\/5*$\ZGyP\ZČuP$a`Ը\\r!1\F=#f\$$\˹%Ig\\Y\rOnS`2מ\aߦpa(\\\5`B&JY\*m8Øq`e\\0DLT	P2kXKk|\|\|\ye\Yo,[\--gP.^H\+jUa\`\.1EpJdbt\\,\Z+L*2s\Z\\F\%v\_@JkL D\T\$\\c\\16ĉ8\\g!8IS\#	#\`%*B2\x#.,Xpcz\|t\\c#`\\yP#\!*m,\\)F5!q\','Daniel','1212','7771076799','$2a$10$Pa.ntZfyPt4EaNsZzWM7S.4SI0oKKW1V.9nwyNdlqN0HTNfRIgQi2','Perez','Sanchez','ROLE_ENLACE',9);
/*!40000 ALTER TABLE `ciudadano` ENABLE KEYS */;
UNLOCK TABLES;
/*!50003 SET @saved_cs_client      = @@character_set_client */ ;
/*!50003 SET @saved_cs_results     = @@character_set_results */ ;
/*!50003 SET @saved_col_connection = @@collation_connection */ ;
/*!50003 SET character_set_client  = utf8 */ ;
/*!50003 SET character_set_results = utf8 */ ;
/*!50003 SET collation_connection  = utf8_general_ci */ ;
/*!50003 SET @saved_sql_mode       = @@sql_mode */ ;
/*!50003 SET sql_mode              = 'NO_AUTO_VALUE_ON_ZERO' */ ;
DELIMITER ;;
/*!50003 CREATE*/ /*!50017 DEFINER=`root`@`localhost`*/ /*!50003 TRIGGER `insCiudadanoUser` AFTER INSERT ON `ciudadano` FOR EACH ROW BEGIN
    INSERT INTO users(username,enabled,password)
    VALUES (new.username, new.enabled, new.password);
    END */;;
DELIMITER ;
/*!50003 SET sql_mode              = @saved_sql_mode */ ;
/*!50003 SET character_set_client  = @saved_cs_client */ ;
/*!50003 SET character_set_results = @saved_cs_results */ ;
/*!50003 SET collation_connection  = @saved_col_connection */ ;
/*!50003 SET @saved_cs_client      = @@character_set_client */ ;
/*!50003 SET @saved_cs_results     = @@character_set_results */ ;
/*!50003 SET @saved_col_connection = @@collation_connection */ ;
/*!50003 SET character_set_client  = utf8 */ ;
/*!50003 SET character_set_results = utf8 */ ;
/*!50003 SET collation_connection  = utf8_general_ci */ ;
/*!50003 SET @saved_sql_mode       = @@sql_mode */ ;
/*!50003 SET sql_mode              = 'NO_AUTO_VALUE_ON_ZERO' */ ;
DELIMITER ;;
/*!50003 CREATE*/ /*!50017 DEFINER=`root`@`localhost`*/ /*!50003 TRIGGER `insCiudadanoAuthorities` AFTER INSERT ON `ciudadano` FOR EACH ROW BEGIN
    INSERT INTO authorities(username,authority)
    VALUES (new.username,new.rol);
    END */;;
DELIMITER ;
/*!50003 SET sql_mode              = @saved_sql_mode */ ;
/*!50003 SET character_set_client  = @saved_cs_client */ ;
/*!50003 SET character_set_results = @saved_cs_results */ ;
/*!50003 SET collation_connection  = @saved_col_connection */ ;
/*!50003 SET @saved_cs_client      = @@character_set_client */ ;
/*!50003 SET @saved_cs_results     = @@character_set_results */ ;
/*!50003 SET @saved_col_connection = @@collation_connection */ ;
/*!50003 SET character_set_client  = utf8 */ ;
/*!50003 SET character_set_results = utf8 */ ;
/*!50003 SET collation_connection  = utf8_general_ci */ ;
/*!50003 SET @saved_sql_mode       = @@sql_mode */ ;
/*!50003 SET sql_mode              = 'NO_AUTO_VALUE_ON_ZERO' */ ;
DELIMITER ;;
/*!50003 CREATE*/ /*!50017 DEFINER=`root`@`localhost`*/ /*!50003 TRIGGER `delCiudadanoAuthorities` AFTER DELETE ON `ciudadano` FOR EACH ROW BEGIN
	DELETE FROM authorities WHERE (`username` = old.username);
    END */;;
DELIMITER ;
/*!50003 SET sql_mode              = @saved_sql_mode */ ;
/*!50003 SET character_set_client  = @saved_cs_client */ ;
/*!50003 SET character_set_results = @saved_cs_results */ ;
/*!50003 SET collation_connection  = @saved_col_connection */ ;

--
-- Table structure for table `colonia`
--

DROP TABLE IF EXISTS `colonia`;
/*!40101 SET @saved_cs_client     = @@character_set_client */;
/*!50503 SET character_set_client = utf8mb4 */;
CREATE TABLE `colonia` (
  `idcolonia` bigint NOT NULL AUTO_INCREMENT,
  `codigo_postal` varchar(10) NOT NULL,
  `nombre` varchar(80) NOT NULL,
  `ciudadano` varchar(100) NOT NULL,
  `municipio_idmunicipio` bigint NOT NULL,
  PRIMARY KEY (`idcolonia`),
  KEY `FKgxuh6wkythoeds8x7sww8lx1s` (`municipio_idmunicipio`),
  CONSTRAINT `FKgxuh6wkythoeds8x7sww8lx1s` FOREIGN KEY (`municipio_idmunicipio`) REFERENCES `municipio` (`idmunicipio`)
) ENGINE=InnoDB AUTO_INCREMENT=15 DEFAULT CHARSET=utf8mb4 COLLATE=utf8mb4_0900_ai_ci;
/*!40101 SET character_set_client = @saved_cs_client */;

--
-- Dumping data for table `colonia`
--

LOCK TABLES `colonia` WRITE;
/*!40000 ALTER TABLE `colonia` DISABLE KEYS */;
INSERT INTO `colonia` VALUES (1,'62765','Modesto Rangel','enlace@gmail.com',2),(2,'62765','Campo nuevo','enlace@gmail.com',2),(4,'62765','Tezoyuca','enlace@gmail.com',2),(6,'62493','Acapatzingo','enlace2@gmail.com',6),(7,'62433','Bosques de Chapultepec','enlace2@gmail.com',6),(8,'62210','Chamilpa','enlace2@gmail.com',6),(9,'62070','Chipitlán','enlace2@gmail.com',6),(10,'62350','Teopanzolco','enlace2@gmail.com',6),(14,'62766','Palo escrito 2','enlace@gmail.com',2);
/*!40000 ALTER TABLE `colonia` ENABLE KEYS */;
UNLOCK TABLES;

--
-- Table structure for table `comentario`
--

DROP TABLE IF EXISTS `comentario`;
/*!40101 SET @saved_cs_client     = @@character_set_client */;
/*!50503 SET character_set_client = utf8mb4 */;
CREATE TABLE `comentario` (
  `idcomentario` bigint NOT NULL AUTO_INCREMENT,
  `anexo` longblob NOT NULL,
  `comentario` varchar(255) NOT NULL,
  `ciudadano_idciudadano` bigint NOT NULL,
  `incidencia_idincidencia` bigint NOT NULL,
  PRIMARY KEY (`idcomentario`),
  KEY `FKlj0s6fy2uxmjy4kxddljuy3fn` (`ciudadano_idciudadano`),
  KEY `FKss49gobr00kl2uce052o09adu` (`incidencia_idincidencia`),
  CONSTRAINT `FKlj0s6fy2uxmjy4kxddljuy3fn` FOREIGN KEY (`ciudadano_idciudadano`) REFERENCES `ciudadano` (`idciudadano`) ON DELETE CASCADE ON UPDATE CASCADE,
  CONSTRAINT `FKss49gobr00kl2uce052o09adu` FOREIGN KEY (`incidencia_idincidencia`) REFERENCES `incidencia` (`idincidencia`)
) ENGINE=InnoDB DEFAULT CHARSET=utf8mb4 COLLATE=utf8mb4_0900_ai_ci;
/*!40101 SET character_set_client = @saved_cs_client */;

--
-- Dumping data for table `comentario`
--

LOCK TABLES `comentario` WRITE;
/*!40000 ALTER TABLE `comentario` DISABLE KEYS */;
/*!40000 ALTER TABLE `comentario` ENABLE KEYS */;
UNLOCK TABLES;

--
-- Table structure for table `comite`
--

DROP TABLE IF EXISTS `comite`;
/*!40101 SET @saved_cs_client     = @@character_set_client */;
/*!50503 SET character_set_client = utf8mb4 */;
CREATE TABLE `comite` (
  `idcomite` bigint NOT NULL AUTO_INCREMENT,
  `nombre` varchar(80) NOT NULL,
  `colonia_idcolonia` bigint NOT NULL,
  PRIMARY KEY (`idcomite`),
  KEY `FK89jjfwq9io3ajkwur5lsg5ohm` (`colonia_idcolonia`),
  CONSTRAINT `FK89jjfwq9io3ajkwur5lsg5ohm` FOREIGN KEY (`colonia_idcolonia`) REFERENCES `colonia` (`idcolonia`)
) ENGINE=InnoDB AUTO_INCREMENT=12 DEFAULT CHARSET=utf8mb4 COLLATE=utf8mb4_0900_ai_ci;
/*!40101 SET character_set_client = @saved_cs_client */;

--
-- Dumping data for table `comite`
--

LOCK TABLES `comite` WRITE;
/*!40000 ALTER TABLE `comite` DISABLE KEYS */;
INSERT INTO `comite` VALUES (2,'Campo nuevo 1',2),(4,'Acapatzingo 1',6),(5,'Bosques de Chapultepec 1',7),(6,'Chamilpa 1',8),(7,'Chipitlán',9),(8,'Teopanzolco',10),(11,'Modesto Rangel 2',1);
/*!40000 ALTER TABLE `comite` ENABLE KEYS */;
UNLOCK TABLES;

--
-- Table structure for table `comite_vecinal`
--

DROP TABLE IF EXISTS `comite_vecinal`;
/*!40101 SET @saved_cs_client     = @@character_set_client */;
/*!50503 SET character_set_client = utf8mb4 */;
CREATE TABLE `comite_vecinal` (
  `idcomite_vecinal` bigint NOT NULL AUTO_INCREMENT,
  `ciudadano_idciudadano` bigint DEFAULT NULL,
  `comite_idcomite` bigint NOT NULL,
  `es_presidente` varchar(100) DEFAULT NULL,
  `participante_idparticipante` bigint DEFAULT NULL,
  PRIMARY KEY (`idcomite_vecinal`),
  KEY `FKsh40vyuua7pwe8h0f2pha2g3` (`ciudadano_idciudadano`),
  KEY `FK791t60674hashdyfny9d5duml` (`comite_idcomite`),
  KEY `FK8j3vxsdrx1c9aj6hyqgxr4brh` (`participante_idparticipante`),
  CONSTRAINT `FK791t60674hashdyfny9d5duml` FOREIGN KEY (`comite_idcomite`) REFERENCES `comite` (`idcomite`),
  CONSTRAINT `FK8j3vxsdrx1c9aj6hyqgxr4brh` FOREIGN KEY (`participante_idparticipante`) REFERENCES `participante` (`idparticipante`),
  CONSTRAINT `FKsh40vyuua7pwe8h0f2pha2g3` FOREIGN KEY (`ciudadano_idciudadano`) REFERENCES `ciudadano` (`idciudadano`) ON DELETE CASCADE ON UPDATE CASCADE
) ENGINE=InnoDB AUTO_INCREMENT=10 DEFAULT CHARSET=utf8mb4 COLLATE=utf8mb4_0900_ai_ci;
/*!40101 SET character_set_client = @saved_cs_client */;

--
-- Dumping data for table `comite_vecinal`
--

LOCK TABLES `comite_vecinal` WRITE;
/*!40000 ALTER TABLE `comite_vecinal` DISABLE KEYS */;
INSERT INTO `comite_vecinal` VALUES (4,2,2,'',NULL),(9,NULL,2,NULL,1);
/*!40000 ALTER TABLE `comite_vecinal` ENABLE KEYS */;
UNLOCK TABLES;

--
-- Table structure for table `evidencia`
--

DROP TABLE IF EXISTS `evidencia`;
/*!40101 SET @saved_cs_client     = @@character_set_client */;
/*!50503 SET character_set_client = utf8mb4 */;
CREATE TABLE `evidencia` (
  `idevidencia` bigint NOT NULL AUTO_INCREMENT,
  `evidencia` longblob NOT NULL,
  `incidencia_idincidencia` bigint NOT NULL,
  PRIMARY KEY (`idevidencia`),
  KEY `FKj290og69w05kn2s2b7npxq4ut` (`incidencia_idincidencia`),
  CONSTRAINT `FKj290og69w05kn2s2b7npxq4ut` FOREIGN KEY (`incidencia_idincidencia`) REFERENCES `incidencia` (`idincidencia`)
) ENGINE=InnoDB DEFAULT CHARSET=utf8mb4 COLLATE=utf8mb4_0900_ai_ci;
/*!40101 SET character_set_client = @saved_cs_client */;

--
-- Dumping data for table `evidencia`
--

LOCK TABLES `evidencia` WRITE;
/*!40000 ALTER TABLE `evidencia` DISABLE KEYS */;
/*!40000 ALTER TABLE `evidencia` ENABLE KEYS */;
UNLOCK TABLES;

--
-- Table structure for table `incidencia`
--

DROP TABLE IF EXISTS `incidencia`;
/*!40101 SET @saved_cs_client     = @@character_set_client */;
/*!50503 SET character_set_client = utf8mb4 */;
CREATE TABLE `incidencia` (
  `idincidencia` bigint NOT NULL AUTO_INCREMENT,
  `costo` double DEFAULT NULL,
  `descripcion` varchar(255) NOT NULL,
  `esta_pagado` tinyint NOT NULL,
  `estado` tinyint NOT NULL,
  `fecha_registro` datetime(6) DEFAULT NULL,
  `categoria_idcategoria` bigint NOT NULL,
  `comite_vecinal_idcomite_vecinal` bigint NOT NULL,
  PRIMARY KEY (`idincidencia`),
  KEY `FK780hhq8xv36lll81etv5g3wqw` (`categoria_idcategoria`),
  KEY `FKaynnrbyqwb9yst4gg017j2dlq` (`comite_vecinal_idcomite_vecinal`),
  CONSTRAINT `FK780hhq8xv36lll81etv5g3wqw` FOREIGN KEY (`categoria_idcategoria`) REFERENCES `categoria` (`idcategoria`),
  CONSTRAINT `FKaynnrbyqwb9yst4gg017j2dlq` FOREIGN KEY (`comite_vecinal_idcomite_vecinal`) REFERENCES `comite_vecinal` (`idcomite_vecinal`)
) ENGINE=InnoDB DEFAULT CHARSET=utf8mb4 COLLATE=utf8mb4_0900_ai_ci;
/*!40101 SET character_set_client = @saved_cs_client */;

--
-- Dumping data for table `incidencia`
--

LOCK TABLES `incidencia` WRITE;
/*!40000 ALTER TABLE `incidencia` DISABLE KEYS */;
/*!40000 ALTER TABLE `incidencia` ENABLE KEYS */;
UNLOCK TABLES;

--
-- Table structure for table `municipio`
--

DROP TABLE IF EXISTS `municipio`;
/*!40101 SET @saved_cs_client     = @@character_set_client */;
/*!50503 SET character_set_client = utf8mb4 */;
CREATE TABLE `municipio` (
  `idmunicipio` bigint NOT NULL AUTO_INCREMENT,
  `nombre` varchar(120) NOT NULL,
  PRIMARY KEY (`idmunicipio`)
) ENGINE=InnoDB AUTO_INCREMENT=16 DEFAULT CHARSET=utf8mb4 COLLATE=utf8mb4_0900_ai_ci;
/*!40101 SET character_set_client = @saved_cs_client */;

--
-- Dumping data for table `municipio`
--

LOCK TABLES `municipio` WRITE;
/*!40000 ALTER TABLE `municipio` DISABLE KEYS */;
INSERT INTO `municipio` VALUES (2,'Emiliano Zapata'),(6,'Cuernavaca'),(9,'Jiutepec'),(14,'Xochitepec'),(15,'Temixco');
/*!40000 ALTER TABLE `municipio` ENABLE KEYS */;
UNLOCK TABLES;

--
-- Table structure for table `participante`
--

DROP TABLE IF EXISTS `participante`;
/*!40101 SET @saved_cs_client     = @@character_set_client */;
/*!50503 SET character_set_client = utf8mb4 */;
CREATE TABLE `participante` (
  `idparticipante` bigint NOT NULL AUTO_INCREMENT,
  `fotografia` longblob NOT NULL,
  `nombre` varchar(120) NOT NULL,
  `numero_telefonico` varchar(10) NOT NULL,
  `primer_apellido` varchar(120) NOT NULL,
  `segundo_apellido` varchar(120) DEFAULT NULL,
  `municipio_idmunicipio` bigint NOT NULL,
  `es_presidente` varchar(100) DEFAULT NULL,
  PRIMARY KEY (`idparticipante`),
  KEY `FKpv8bf5spoi1ehk13rrm79gqiq` (`municipio_idmunicipio`),
  CONSTRAINT `FKpv8bf5spoi1ehk13rrm79gqiq` FOREIGN KEY (`municipio_idmunicipio`) REFERENCES `municipio` (`idmunicipio`)
) ENGINE=InnoDB AUTO_INCREMENT=2 DEFAULT CHARSET=utf8mb4 COLLATE=utf8mb4_0900_ai_ci;
/*!40101 SET character_set_client = @saved_cs_client */;

--
-- Dumping data for table `participante`
--

LOCK TABLES `participante` WRITE;
/*!40000 ALTER TABLE `participante` DISABLE KEYS */;
INSERT INTO `participante` VALUES (1,_binary '\\\0JFIF\0\0\0\0\0\0\\0Exif\0\0II*\0\0\0\0\0\0\0\0\0\0\0\0\Z\0\0\0\0V\0\0\0\0\0\0\0^\0\0\0(\0\0\0\0\0\0\0\0\0\0\0\0\0\0i\0\0\0\0f\0\0\0\0\0\0\08c\0\0\\0\08c\0\0\\0\0\0\0\0\0\0\00210\0\0\0\0\0\0\0\0\0\00100\0\0\0\0\0\0\0\0\0\0\0\0\0\0\0\0x\0\0\0\0\0\0\\0C\0\n\n\n\n\r\r#%$\"\"!&+7/&)4)!\"0A149;>>>%.DIC<H7=>;\\0C\n\r;(\"(;;;;;;;;;;;;;;;;;;;;;;;;;;;;;;;;;;;;;;;;;;;;;;;;;;\\0x\0\\0\0\0\0\0\0\0\0\0\0\0\\0\Z\0\0\0\0\0\0\0\0\0\0\\0\0\0\0\\$D\9R&fP\"\<\E\L-iS9iH\"%Xl[Hd$\0\0\0\0\0\0\0\n\0 \0))\0\0\m$umL`HKuE\)%HVBjd.@\93.T\0.\2Fq&b feЪ\E\"BH\0)\rnP(L\0@\n@\0\0\0\0\0\n\0\0\0@\0\0*\n\&%Ճ2\0Hn\T].̐-H\\E\[Eh!BB33.L\j\\&V\\Q1$L\\LK3&JVԉ2Ґ&R@\0[II)\0\0@ \0\0\0\0\0P@PR\0\0UP\0[]P3P]) H\-\\\\\R\Z@[u\\H2ꤙH2\I2[Q{\DL\L\\\\0]]3\g	\0\0\T\0\0\0\0\0\0\0\0\0\0h\0 \0\n-VZ$\	DA\n\\\\\5\0ZA2\fB\IđfH\J\,\4̙Y\"ַT3\LlD\\n$\0[I \0\0\0\0\0\r/It S6`\0@\0)\04\0\0\nH\0iI\"\ڑHZ\R\l[PmU!K\ZݒU\JR-2mL\\et-tT\0\L\h]\S38 !JLH\0\0\0\0)\0\0\0\0\0.\=\]\0\0\0N^\n\0AH\0\0-H\0\0\0	\0[HP-uTZ2E\\"@DU+Z\&%\$đ#8.\\Z\"D\\8.\9t[ۦ8\e\0\(D@\0\0\0\0)\0\0\0\0\0Fk\0\0\0\0r\E@\0\0\0Q\0@!\nZ\!\R-H\$iwm\K1$#8&$\9\Bmg8\b4֭\֮s3\9\H\0\0@ \0\0\0\0=s~\0\0\0\0s1\ZZ \n\0\0( \0\RHtU\֭ڬH\U\um\r\̙I&@*fL3n\[Y\.verH7\9t֭\U|s0(\0\0H\0\0\0\0\"u2Ҁ\0\0.?6HB\$\0\0\0\0\0(VI-Bҵ\\"B ]]lյ2\[\"fHB$gD\f]\hUgkw81j̑j趃8\0D \0\0\n\0\0\0\0\0\0\0\0:{滅\0\0\0\0yXP\0@\0\0\0\0\0RUE\0UR\\.$\nD̶\\kv\\R5t3$ 	2H\Zв $\$\Z$HPI  \0\0\0\0\0\0\0\0\0\0\0сA\0 q \0!@\0\0\0\0\0\0\n\0\\+].d WB\\n\L3$Z$KH#[Im+< !@Z\0\0\0\0\0\0\0\0\0\0\0\\5\3~Z\\ǉ5]} s\0@\0\0\0@\0\0P@\0\0--H )\0*յJ֭\d&dD$K$T*fLT	\0\0\0\0\0\0\0\0\0\0\0uR\\?\0^\]9\NFPg\0\0\0\0\0\0\0P\0\0\0\0\0\0իwP)\0t)mm3)\n2etHBHZ\&$\0\0\0\0\0\0\0\0\0\0\0\rz\'OXL9|\0kǒ\0צo\\\ \0\0\0\0\0\0\0P@U\0\nin\MI$]-IRiV\Kmd\ \\\IVФ\S2d D\0(U\0\0\0\0\0\0\0\0\0\0\0^\Ɯh\0\0\0\0uyY\@\0\0\0\0\0\0\0\0\0PB\\\5\\Yqm\\bm*ڪwRc,\H@\Z\j$$!Q\0\0\0\0\0\0\0\0\0\0\0\0\0\0\0?\0\0\0\0\0]<P\0\0\0\0\0\0\0\0\0\n\0[u\\F9d]5\"@(rfIn\\"\"!WV\\I$Մę K\0\0\0\0\0\0\0\0\0\0\0\0\0\0z\\<P\0\0\0\0\0kנ\\@\0\0\0\0\0\0\0\0\0\0\0mPBm\EY\$].$.ݶ\$\0-g2`.\\% t)\)\0\0@P@\0\0\0\0\0\0\0\0\0\0k\5\1\NT\0\0\0\0\0ߤ?d\0\0\0\0\0\0\0\0\0m$UJj\\\.st]Z4B$&`f*@@\0\0\0\0\0\0\0\0\0\0\0\0\0\0˰ǒ\\0\0\0>\>I\פ|\ʀ\0\0\0\0\0\0\0\0\0\0\0\0@*\PE\hEEP.\q-)) e3$Z4!d\0\0\0\0\0\0 \0\0\0\0\0\0\0\0\0T}\ѣ\|\>~\~\\\`\h\0\0\0\0\0\0\0\0\0\n\0\0@$-\-LH!V\[3\"bH\\&yƔ\V\0\0\0\0\0\0\0\0\0\0\0\0\0\0\0\0\0^\]<?G\\\h?#_\0\ZK\y\'\n\0\0\0\0\0\0\0\0\0\0VI\0\BA2]R-\\̻Z\]I&Y\$TI*\9\	$\0\0\0\0\0B\0 \0\0\0\0\0\0\0\0\04ߦ\"F|\z\F\@\nRW0o\x\':\0\0\0\0\0\0\0\0( \0\0\B\m	-jd\\\ds2eImHI`\" \0 \0\0\0\0\0\0\0\0\0\0\0\rz`s\\0)\^\5@\0\0\0\0\0\0\0\0\0\0\0\0m\+[\3&d\Km\0g\a$)*y\$\\n\0\0\0\0\0\0\0\0\0\0\0\0\^@dzJ|\U\\0\x\g\@\0\0\0\0\0\0\0\0\0\0\0\0@\n-]QIj\\P3Bet\\\yɒ\"\nLL\\"@\0\0\0\0\0\0\0\0\0\0\0\0\0\0\0kR&SG\>\S\s]J<LP\0\0\0\0\0\0\0\0\0\0@\0j\\rj\uX\ZZ%A&b\ޭ̤\"EҐLL \0\0\0\0\0\0\0\0\0\0\0\0\0\0\0zƀ9(\0\0\0\"p\0\0\0\0\0\0\0\0\0\0\0Un\VQ$\"ԋWvА%I3;H\ev33	$\0\0 )\0\0\0@\0\0\0\0\0\0\0\0\0\0*	β\0\0\0#E9\0\0\0\0\0\0\0\0\0\0\0\0\0ZU]tJH3)	 &\";zI&Vq$LȅBI\0\0\0\0\0\0P\0\0\0\0\0\0\0\0\0\0\0d0f\0\n`\ne9P\0\0\0\0\0\0\0\0\0\0\n@\0\0\0ַU\"\$kaEHRH=ޙ\dq&Hg<\$\0\0\0\0\0\0P\0\0\0\0\0\0\0\0\0\0\0\\03@\0^@\"r\0\0\0\0\0\0 \0\0\0\0\0\0\0\\nIwn̐53$\d˿Ē[T2T\\9!H\0\0\0\0@ \0;\0\0\0\0\0\0\0\0\0\0\)\0L\(9T\0\0\0\0\0\0\0\0P@HA\0ij].fg0kv\I533@\&d÷s$(	2g$BH\0P\0\0\0@ \3\0\0\0\0\0\0\0h\)@\00fݮ\@D\d\0\0\0\0\0\0@H\0)\0it@\Z\D A	Yn\\\LN޾I#8\f@Qh\0\0\n\0 \0\0@ \\O\\>9\0\0\0\0\0\0満\0\0Z^\\\\\0\0\0\0\0\0\0\0+q\0\0Bw-EP\0H\0\0$L\ޭ\"D̑1&$\0\0(\0\0AA\x\'\!\0\0\0\0\0^\0\0\06y=8le\n\0\0\0\0\0\|S\\0R\KJP@\0\0\0\0s:R	B3I\0\0\0iKh)J-\0/\H\\>G2H@B$2\f\\\\0\0].\\7\\\\fz8yL@\0\0\0\0\0\g\)\<g\?+=\]tPR\0\0\0\0\0H\0\0\0\Cv\&fq&C<\q&`\0)VƊ(\0(\0\0\^B\0|\%\<\0\0\n  Zi2\\Wmlc]y\uL\"pgd\0\0\0\0SSZ~\_L{Ϫyv\0\0\0\0\0\0\0\"\0\0\0\0\\kD\"I!\Ę*H.ZP\0\0\0P\\nO\G_&\0\0\0\0h	grNtwΡ\Si]h\0FliWIf\\\\0\0\0\0\0\0U\n\"fLU!T@^\nFq1\NrHѩt\0(\0\0\0J\0)\n@(\0@\z\\\<\\\&J\n$!)	9\0\0\0\0\0\\\r\0\0\0\0\Z\Ǚ7\^\z@\0\0\0T*\0\0\gbg -Z\sI1\2e\0\0\0\0\0@U\0@\0*\\0\07\\Lf\0\0L\0\0\0\0\0\0\0\0\0\0.\0\Lx\\)M?\\0UP\0\0\0\Js\\\Huzwթ0\9\0\0\0\n\0\0-Ғ\0$\0\0\05\4L&\\0\0\<@\0\0\0\0\0\0\0\0\0z5\\0\,x\z9\q\\э!B*\0\0\0\0\0	\0[E3!\&Q-N\"\q.f$\0\0\0(\n5h\0\0\0\0R\0 \0\00e5\\P\09\0\0\0\0\0\0\0\0\0\0^\\0(RL$\vV\y4(Z (\0\0\0\0\0\0\0gsH\\Q3\*Ԁk\Kʳ3,\0\0\0\0*\ڴQ@\0\0\0\0R\0 \0\0\0\'0Z\\03\9\0]\0\0\0\0\0\0/D\\0o\PS\v\"qR\0\0\0\0\0\0\0\0	<\\ґ TM]i	$n\0\0\0un\\0d\0\0\0	\0 \0\0\0\0g\03\t\\0]\3\9\0\0\0\0\0\0\~x \0]\I8{K\vJ\0\0\0\0\0\0\0$Ǖ IX(RҫKS)\T\0\0m\\\0\0@\0\0 \0R\0 \0\0\0#>r\0\n@\0\0Vy\' \0\0\0\0Ѯ\\\0\0\e\S\0B\\n\0R\0\0\0\0\0\0\0\0sI\HURiJUE@\0\\B\0\0@\0\0 \0R\0 \0\0\0\0$g\@\0\0M(2Ϝ\0\0\0\0mz\0c\d\0P\0]\\0(\0\0\0\0\0\0\0<X\\0\0Qh	%YZkAuT&d\t\0@ER].\J\0\0\0\"\0 \0\0\0\0\0L\0[\0b\0\0\0\0]PHǜ\\0\0o\0(\0\0\0\0\0\0\03k$B@HV\\\De`$\0\0-\0\n\\k@\0H\0\0\0\0\0\d\0\n\u\\0\0ǜ\\0\0\0\\\0\0\0V5\P\0\0)B\0\0\0\0\0\0\\ \0\0,J-U\e+8̹0*\0$\0Z\\B \0b\0\0\0\0\0\0#<S\0\0\03\9\0\0\0\0\0#<\0\]֊\0\0P\0\0\0\0\0\0\01\g\0\0TZmk\2\3YI\0\0[UjC(\0\0]V\H\0X \0\0\0\0\0\0gr\rw]\0\0\'6x\0\0\0iH\0\0\0gs+]\(\0\0\0R\0\0\0\0\0\0\0.~X\0\0\0U-kwZn|$dI \0I\0\0\0!Z\\@\0R\0 \0\0\0\0\0\0	+\\0\0\0&Y\0\0\0Z\\0\0\0\\Z\\0\0\0)B\0\0\0\0\0\02fHTРn\\Kt\(-IdL,@\0\0\0k@\n\0\0\0\0\0\0\0\0\0\0\0\0\0\0\0סv\0\0HR\0\0\0)B\0\0\0\0\0\0q\0Uih@HWDHѫj\b[n!fdI$B\I\0\0\0\0\n\e\ \0\0\0\0\0\0\0\0\0\0\0	|\\0\0\07\(\0\0(\0\0\0\0\0\n\0\0\0\0\0\019\0(պ HB\\"V\\9۰L\\"f]&RB\d\0\0\0\0\\e\nH\0\0\0\0\0\0\0\0\0\0\0, \0\0\0v\\7OW)\ \n\0P\0\0\0\0AT\0\0\0\0\0\0\0\0\0]dwRH\[8\u$!RIY\"2@A \0\0\0\0\0m\l@\0\0\0\0\0\0\0\0\0\0\0\0\07{\z\\\@\0\0\0\0\0\0R\0\0\0\0\0\0\0\	@n虖f]Y\n\\&[R\02Hl̘D\0\0 \0\0\0w]\0\0\0\0\0\0\0\0\0\0N`\0\o=s\Ӈ&z\\0\0\0\0\0\0\0)B\0\0\0\0\0\0g\\0VTthT\f+Z\3[2\2LE\f\0\0\0 R\0\0\\\0\0\0\0\0\0\0\0\0\0f,z&坧/6\~\\0\0\0\0\0\0AT\0\0\0\0\0\0bs@\0j\Ⱥ]]j\I#[-\&eݥ\\,\]n\\&fy˪2DAH\0\0\0h\0kH\0\0\0\0\0\0\0\0\0\\1g{c>\ec˷6yz\0/F\0\0\0\0\0\0@\0\0\0\0\039@\0\0R\"\\\虓2\\fd\\\ݶtS,\1	RB\\ \0\0\0[\0\04ߠ\0\0\0\0\0AA\0\rr\\ǯͭyw\ێ\Z\0\0\0\\(\0lܻFDżk*\0\0\0\0\0F<@\0j\Z\jI3-9WVb-t\Zݑ333&Bd\0\0\0\0\0\0k\\0\0\|\H\hBS1ӓ\\|\Gp\\0\0\0߻\o.\.\uJ\r\Z4h\h\^M<3Ǣ\0\0\0\0$Ǖ\"\$\0ۥպktLD	\U.\dۥ\D\9\\0HBjD\0H*\&`\0\0\0\u\\0\05\=\{}zrLVL2B!\>\0\0\0ҏRAM\Z4l\Rɷ\\>WVm\0\0\0\0	\'?)KtB$ T]5wD̙Z(t\\n@L趒IWI	$\0\0Z\0@\0\0\\\0W݋\0\0!&L!\0!G\\\0\0\0Q@)gChO.Š\0\0\0L\~Rd TkH[n)5\\[PfL\q\7T)IE\\n2e\"Й\0PH-\0\0\0/F\?,2f2\0\0LW3&W$\0!\>y\0n=eZPAJRٳ\5T\(4SG\}sǺ\0\0\0\\\\0E (յj\[\]Ym2Dd\riH ZZ&`\0\0\0MzS\\2f2\0 \0ʼ2\0!k\0\0E(((*\GC荖R4l\\Lh\0\0y3ȉ \0\0-\"XKE\ 	\j\rt\$-\I*\3 V-L\B@[BE-B`\0\0\0_[\\\̙2d\0\0\*y+0|2\0v>lRFױ\\5T\JSFD\~\(\0#<  ,@\0[T\0Ui\ZP\\\&bKS,\\"\2-L 	&U2\0	 \0\0\0\0\|>k&L\ @\0 9J\'txzD\D\;>+JpKFZ)\M;\'c\<9\0<\\0i!I\tE	PE\#}-%Vfp@!$\[At,bg 5mH@R$\0\0\0\0\\N\\\\\!$@@x,yK$	fL\K\\hO\r\\q\\\.妞>_c{f\Fhѳv7_\vT\0$c\&\0HVԄ$\rl$LJ\KmR]Y&$[d\3\@\n@Lۤ( \0\0\0\0;E\OF\\\\\ɒ!\"\0|N]`K I\"\KM-6֍\Z].\K\j\˧C_\'_g\\F\Z:\'R\\gT\0x\q\0\0\\0ݩHZ\fS39WB\%[UmUq3]PY\VҐ$ 8)mRH\0\0\0@\0\0\0\04\vߧ\`!B\>^\DZ)WQ\\ԻKtp~\4m4nf\\uq\0q3\H\0\0-\"j\)\Vmgd$])wmkS%oziiE38,\QVР]\0\"H\$D\Z\R$L\0\0\0\0\0\0\0V/@~\\\`ɕɒ\\\;\DJ*諢u].F\Kt\\[\'\|N 319A\$WKS \n]\l̙$]-kum\rn\QE[s1$LL\Bж\&B\$mId WZA@\0\0\0\0 \0\0\[ONg\\8}<70d\\2~ځ*諢U\mt]].\\~W+@\0LLqN@E@-][S1S9])wmd[uҨ\"E\\\Is8\$\Z\Q\"\\C<\2fg$kV$Đ\0\0\0\0HR\0\0+~TTa#ٗ-1\\׍|<6H@R4KMFKwZ].I\[\011\9\0\n\0-*B\0PKjFT) gfZkn\.\&%\T\38 eH\"\ى\"ٞr2\0-H\0\0\0P\0\0\\u\\0)\0(L\	dI<\]E\4*\]VR\\-cŠy\N`\0\n[i\Z2Bj\vTZ$*\Ajj@30	uP\0[Fqɘ$(ZHU\nI\0 \0\0P\0\u]P\0\0\0&\"2Fd\	 ].FQn<W>jP&Y\\'$ \0.IA2\0)P\\Uv\\E3MoBIЫmn\Q$	$\8R$겒-\E\e$%R&JKle3h\0\nڒ\0 \0\0]Z\h\0\0\0\0\0\0\0\0\0n^\]D\s\D̜\\\0\0Pۥ\@-	H\nkt][)\0D[Ԑ[u^}-\D\)$\fL$\$#]-2BL\Ejmn8\\&b\0\0\n\0\0\0\0\n\Z\\\\0\0\0\0\0\0\0\0)2L\0P\0 (\0kS).t\0mumKjD@\\\E\]-L\\q3.2D̑ٔ]-Q$&dC9g1Vԉ\0\0\0\0\0\0K4\\0I!S)\0P@B\$\nR\0\$\"H.Y(Z$\\\@mE1Mn\2]\b\mI&B\q&VsHt֭\\0$L\\!T\Vݦs&H$\̐\0\0\0\0\0\0\0\0\0\0\0\0\0@\0\0\0\0\0\n\0\0A\0(\0- U@ n\\UY\\Z\l\fbkamVq̘vDĐ\,\tL\\H\%\nn\PH\0\0\0\0\0\0\0\0\0\0\0\0\0\0\0A\0\0\0R0\0\0T\n@V\D\0ַ`-kv\\E	Y$\!\nK[n\\fL%\$m]\\ęm#8KumH\9A$E \0\0\0\0\0\0\0\0\0\0\0\0\0\0\0\0\0V ( \0AZB\2hi.\S(]\\\ !J\K[J)$)fLuYĶݦ\@\\<\պ[Ukfs\0\0\0@ \0\0\0\0\0P@\0\0\0\0\0\0\0\0\0UBf\0\0@EE+Z5Pe3\Zh./KPDiVٙ!mtV\\\\0,\0\0\0\0\0\0\0\0 0@`pP!1#\"34\\0\0¸W\n\TUxR\\#\t\â>\Z	\Ŧ\\Ai:A\O$$rN\g\cy8\zࡼ#\ <W\\Ա>\\Z6vg-kY\.̅\|Iq\\\qQcC7\y߲%\0#\r^N)A1VH\#\O3`Gd\|\\\RJ\Y\W1\)㝺2sc\SO$\\\Za\oj*P§\2Iy2\'=\\\}\'l#0Nc\cec[]3f=\\@\0\6\pP\\ZH-=o;V\'k\\\&#`լ\\\+\\\0:C#ײ	xՏ\\<T\레NիVd\RJ*T\\0n\07QN\b\\\@\\\2M\'Fc}*U\Qr_r}*TVMqk/t^\)D-Zx!\\`Lǉ⡑ nԎv\މ$\M\Zz!b*\'I\j4RJ\jիVdz\\܂\\jy/\\Zj\V%cNC\\\$\v\\\\G\\\Z\^\xN;}]|7\\4}kV_a:\\+\\\=Uv\\Wo\\qscP\;ӕ-\'Qx\\ԫ@\C\\ZUG0\j\ĉI$^\\@`G5\@OS\Z^d\\"/k:i\\\cw,\Cg\6d\0/b{W{W{(Wh\\\n/]:W8s܆,!B(\rQ;\1I4]\)YL\nM\\\hX]\̕I<\qcc5_A.$3)tD߃fV3g\\t\k^١1H1\4ڵ}L\"h{z6zU]jjի\\%\v,\t\0r\\\v\\gw\n\\\i\pGZZxk\\PG­Zj\I@W&*[PVo&Sgd3,\\*U\,iN\:~\\\ɸ\\n\\\Wʽ\mtAj\\\\\ɱ]`\E*TW0N\	\9߽W4:R\\'I{Bڄ\M{\\4\0Pj\\\GY5_l\\\\@ʃ(TRJa6uߨW\\\H\\\\idF\	lM*TPj%3lK\H8\bX\0e\J*TRJ\)*>pr\0\fzέԩR\ZYr6\LYSdU\0$}<Jl©RJ*TR[\'\5J.A]\nmL\$L\W\Wh\\}*\©RJ*TR\0_UQ\`j\ĥ\3I4E%\\"h[n@\ؒ&\RJ*Tg3c6ٙ\Ido/M\fnLic(&\څ|\2lU\\\h\\Yy\^m_\ž3\}kM*\\\}\j\\}jW\VZիV_o\\0#\0\0\0\0\0\0\0\0\0\0\0pP !0`1\\0?-xΗ\\JR\q=\eW\\\1i\Q\RBq	v/~$2SN\-/8\},iF(:Qbd\'Jb\\6Q2\\\P\@e\'\4\\Ϗ\\0+\0\0\0\0\0\0 0@!1PAQ2\"`BaR\\0?\59\rb8Sqf6\%JO4\04`\Pt.56(FQC\x!ya4\^hQP^i*rSq\2\Z,5!FBQm?h\\\_\+\_\z\t\>=\\*P7EFBhji7jn>\a\r\Zo\1\\ўp,44\6\5>	Zl\3j\\\\I\n͢#\t\0G\\=pዦ\SQR\n7]\\Ύ	!8APp\'	BF\B\nQ\"/(mo]\%\"#yo>M\ʙ\\1\EQ\57\B(ZrG\fvj@\3?@\qc<k9\f{ϱ 7\ZB\J\,))\Z\P;\PK}\\ZMMB\\v\*f\7\+[W\\;\ǈ>ZAi\i>HCk9\\\0Pi\l>	5ytCPjl\\r\n	}\\?S\z@QP`(P\}\\/\\y\v\֯:~l\*k\\\0J\_br\n&\V}\Ś=jj/uaS\pE}p5M\@ȫ\\vI\E!B\{\,q\\rF@\D\h\\0\7Mg\4\\v|k7\݋H\\kE&\\n,*T֛H1\Ql\5?\_^/(P\qH\&}Qh\hpOkT-m6ѿX[+aP}xBVշ\\\Z\'3\V\{Ol[B\81.<\*\neyͺ=^#\m+\\]0VҶt\L.[\РctOkDl[Vж7\t\m]&WEC\0W@M\iL96\~?\i-,<\WH酱hb\S\n\VŰ(w\0\rd-7E\l[Ű-yN\Nqw>\i\rV!m[S\=\(\lr\֎\\}\"h\\B46\+b\s~/\~¥1\hG_\WAu#\\Z\hj4\lj\tںm]6WMcV\@%#\xq\B\n*n*J)6Q \StJ:ka[\n\K;yԒo[\)\nE%n{WQ\\\GQǂG5\ZSW^;60g\n2ql(ԏ	Mq\0orJ g\<i56ʛfY\BK^DԘA\qsJ*Thw\ni\w)\C\t\\9\r!@\9\l!Bh68\\\L\DrX\\^PA\=\\\\\:lt\s[$p\0[\\Q^\\J6r%B򋻭5s~x-l\\I9\c]4<\a9\xQꈔDZ^\ͯo\pϴ*\\\es\ŠJ\r\9\\WZD#[7\i\\"\a*{El#\j;\0\\%IR*J˨WUu\=\0J/9t\\"Qlbk>!`pA+yA\\9pO\\Jsb%5\\9\xB\j}g\9k[u2\#\j;\4Nsj}gYV1?\F8\ؠ\n08a\AM<S[\\&M}+Gk\>Ճ{8)\	PL#G{pMЍb\\k10cz1۽iN2pEc B\(yMt g\8\a\k\8E\\	D\#]7;[\\O\\\\ pyMߠqd\j<\\#\9ќY(T\/4\'\(u	j9\r8[\\\O[{;j&s\rEk<\_և`_\Baĕ-\[ڷoj\ո)\\\0𢇏9\Ni[\\WP]B\;Wg\\r+\\!oj\\]G-\Rq\]G!\m\"Vn*hm@\N	E\.\`\;9\h\PPAtT\,6[_i\E\Oi\ډiSAi^k*h}]R3\7>\\6\nJٰ\"\BS\q9\0\\|`f\nz a\9A\\E\#	[b\8һ99q\>jZEЃS\\s?\#\#\n@E\\S\*\=EEr\am\\\\&7\\Zo\)\s8dn\\\'<C(\PBn5!Es\^Q\Epj\r[Vձl[\X׈r\\Zcs|`A^\O\n.*Tá5\Cix⊊H\'\\4\P\(\0/v8^-8\\0\k楀\37\ WW5\Zd\\8\\47\n[_P\R\Q\EF&p_4\0\0<xPE\B٤P\(m<\׃l-t\\.]2Et\\[v\*T\ST\\?((km\Zʚ\=[u!WYEZ\\\\0*!QM}AE\P^NXcJ\"\*mJ5>\ \\\ahAPTd\0P9yph\? ʹu~q9\\'CiBB\CPhQ\\n=\0\(<`q	\H[:\AD\#9ņ\x!C←#B\!\rB[\\T\g(\n4EF\k\n(.7t\r\\]F\[B\WT.ꕽ\x`F\`\\\hTP\}*J*}XZ3,(#c6\5?\E(\\A\\Q\B?\F!`eX(o蠩\)8W\\09\0	\0\0\0\0\0\0!\"1Q 02@A`aq#Bp3RbPr\\0\0?\0D\*32^N#jD\%&vbC\OhY\*\ZgU\}Go0\"!A\r\k>\\i\4\\yRF~sLAˮ\0d\pZ;\&\ZOVyb-0*\\V<,7\y9\\\\\XmFAYx*\}զ\\Y\\0ԫbP\"*O\\"\;ar׫\\\8mQsA*͒8Y=\׀7^Q9\G[\V\]\\y \y\fֿ*\\\\gYT\ȕ+\\W\(\\PNT0׃]\t]\p\`;nxF*054\\.\X:Y1Q\+\\O U\Z\r\\u\U]UvF n9P\\\e%3ᇣhQw|\Zг\\Zؼオ\\{[\\э!nHV* Qx?T}\9Ta6vCHl\4Jn辛\+\\E}\'tSi\\ J-974)ҎtM\I\u^n\\y7U\\	U_\\Z\aB@`3iZ0\\7-\h&7f1\hCV):#Z\\\NԨF\bᝬZl\n,>TAشksVZ-ZXsP\n.Zsa=\b`5\\R7\Q,\\nˬo\O\))4a\;F0V*y6nP2*;FW\ry 7~4n֛INaY\\9,*em[TҤ\\\G^\5i<Vqxo\o\Q\C5S96\\W\p\\g\0\Qg\LI\8\\^\\ԛGg囋L\n\\-c*\r\&\\ZWǆ\爑P[\\jkt|b\\iW?E\R<\\>~\(RN\rLFv\\;\"\Z8$\\Bu*4.\1-^-w%7\+k\\4QF\\\J\;U\+Tة\<-^~\ZRwU^Y?\\0+\0\0\0\0\0\0 !01@APQqa`\\\\0\0?!ٜ?,3y\僔`\SSwŧ8n9\"\\p<f\Z/5\"*;`F\7ѩ7\`\6;\9\'!\,Z7\:\T6zC9\\\]C\lc\\n(oؐ\8f3\A\\C{P\=\p^o6o=3k,y\"\Ul\M\\q\=\\\pyMl !3V\l^A\]XZ\\n1\\2=\\J8\Ň׈*c\=9㴊Ӓ{AICc;CQh\t6E	:(rOk::ҧ[ \'\\0\\0\>\ruYx4֠$80(Ui@\\\0D(=\	\,M@]ಆI\	:\H&-\03\j4d{ڔD2\lQ\WG\\ZY\\Bk\=\q\A`98\!\g?8\Ov/\\S\0o<#\=\D\zᐲC9\zF\r\>яT%lA\#%\^8\r]\8-=Pڼ\}\\0d{X(o9g,!\Ab>B|T\8M;ԃ\܍QdE\!68\\49\D8Aa0|\ @AЈ2Gb3U\X\aȑ\Z\v\1O\`Qm\\\(3Ti0Qɂ\\'h* k=8&^v(\\!%\"oNrQ\ET!E\0?!OH\"<D->h(j	T0\ <-\HH0\08>\G10h\&e\Zt\Öp*Q8\6*+\g\8\\\0(9#\|05t\Z1|a$\\xB$&|\n\\E\\\0,Z!ZH\|cXMKC95];MZR\H\"Dx\l\eQEda4\ \\\"`Q\np(68\8㵈\Hix\v.<H8D+E#8㇅z(X\\V؁3L\z\02#a,d\iQE\I\p1F\\}B01&\Ԙ\{^z.\r܃R\ǚ6MCX_\׽%mqt\\\r	\;\UB]\.\\\-#<X!\\PCh\0Qo\{\i\W@qt\\P\\cq\hc\\0{(t\"V\d:\"dstdD%\(-o\+@p\1\{*\d*(:1(lņz7\,\ބ\*>\i\Qw\Zwd\[\؆&\Hf*lT4[T9aDd&81\,j\V\\"r\h5.b\?\\0fkIW\/S\pZ\cBB\-cc\գ\F$TXl;w0W\*1/\\0UC`\?5@|p\0\u\T\8Xh6oA#pI@@ 1Ķ!o\oeПPOـ\~\\!u-	{Sz6/8pRk^	Ș?\ rRPE|\\0>8ҙ%P?Ț@I0Q%\^\B\ss\59k\sCP\0h\8SY\G:?T\c\#dJ\@3:W@\\"_b \\O\\v|ҧ\\0aa:)?\,<\-\?H\\\q\\\}c\Z\\pB\%B]p;DQ\\/q\t`\#5b?Ia\q\pL\\A2xF 8\8\8\	`?iJ$e>\Z& \D\"(\"a0Mq\ \02c\ĵ>#8\8\8\!`M1V\\\H|\n)._\"WMpdq\0Qa\z\> q\pA=D(@ }\2@g!Ú]X\2`(tbJ0H\\0\"(b `\0ƻX @1\q\t&QEQE\0ASq\2	P\\j $}\ZL0h(\\5#	\7\'Xh)D;_\\k(I\<\|\0QEQET*Q\\An^vg~!F`cꁓ&\r l\08c9b<HBI2]q.\\\\>\\oD;AU\QE+\r[0\"c\\A\'Sq*\,\4p4 \y@ɓ\r+\Z>B((GYF\c\0 Q!s( @JP\rg\0\j\Wo\\\P\0AE}Ō2`\\0(\0n\`\"D\0\01/|\\'yHKیAyڞT\\c<\' 2d\\0݂E\05OsA(\|	\=\$[r(r\\}\J\^QP\0c\\\ZLpc\\݈`E0O$!۔TYh@\Z\Dȃ4<\KNV\`.Og\0I\?\sg|\\FIB5V\x\\M\f1s\BG=n\n\܏8\iX(V!SQZ\N\Z82@\9F-E\M㎎%)lU6zؘz\ޱ<gy0\\͆.Ʈ#\DzǍ䍀\6\E{q\b6b/5P\(1y\!l\yP\h-?\\0\0\0\0\0\0T \;Md2\\ţ\0\0{x\0\0	\0\0$\0{\0\0\0L.f\$\\^i4\\0\rX\HĞg\0sI\$\\0\0\0\0\0I$\0\0^~\0Ob;%\SA\Z3b<Ń\\\&\r\\j\@\0\0\0\0\0@ \0:\?wW\CH6	\#\}\Q!A0msa!8 \0\0\0\0\0\0\0%\rpI\\M$%&nm1\<`8\L@$\0@$n\ GX0t\"P\"3PhRg\``ݰ\0X\Z{\\`\k\0\0@ i$\0\n\0\qCΠIC\Eۿäj˵@T\0\0\0\0\0\08I\0\0\0\0\0\\0\0 \0IpI2\\Āx2X1\"\TQ\s@\0\0\0\0 \0\0\0\00\0\0\0\0 `$@ \"m\0C\\R]\'nI\\'sT\'H\0\0  \0\0\0$\0\0e\0\0\0	 <@f0\0$ :I\m¶p\0\0\0\0\0\0\0)&\\0P\0\0\0d\Z#B\"\n\\p\q\0yNL{mh$`\0\0\0$\0\0\0\0\0\0	\0\0P\\0\0\0\0\0B\\0x\0c\$$	`(p\\L\0\0\0\0\0\0\0\0\0\0\0\0LҰ\Z!\0\0@\0\0\0\0\\0\0\һ	nA%zyL\rn\0\0\0\0\0\0\0\0\0\0\0\0`\0\0\0\0\0\0\0\0\0\0>1?4\L84\ڶӒTO!A\0\0\0\0\0\0\0\0\0\0\0\n@\0!\0\0,\0\0\0\0@\0\0\0 \0Hd7h2c/^\l)h\0.\ \0\0\0\0\0\0\0\0\0\0m@\0\0\0\0`\0\0\0\0\0\0\0$`3A[D\r\y\]\0\0%\0\0\0\0\0\0\0\0\0\0B\0\0\0\0\0\0D\0\0\0\0\0\0\0\0\0\0C\n\`/\0d>1$F0˫.:2Ul\0\0\0\0@\0\0\0\0\0\0\0\0\0\0\0\0\0\0d\0\0\0\0\0\0\0\0	$b\\.P\T!k\T@@\0\0\0\0\0\0\0\0\0\0\0\0P(\0\0\0\0\0I`\0\0\0\0\0\0\0\0\0\0\gp]U\$f\4\\0\0H\0\0\0\0\0\0\0\0\0\0\0\0\0\0\\0\0\0\0\0\0\0\0\0\0\0I.\d\*\S\r\\d\0\0\0\0 \0\0\0\0\0\0\0\0\0\\0\L\0]\0\0\0\0\0\0\0\0\0\0\0T >yi5+3#~XD\\0Y\0@\0\0\0\0\0\0\0\0\0\0\0\H\0J\0@\0\0\0\0\0 \0	.XSO>#0hW\\KA\0\0\0\0\0\0\0\0\0\0\0\0\0`I\0h\00\0\0\0\0\0\0\0\0\0aV\0lF3\u{\\- k$0`@\0\0\0\0\0\0\0\0\0\0l\ZA \0\0\0\0\0\0\0\0	\0\0\0MC(	B\n\\Pi,\x \0	\0\0\0\0\0\0\0\0\0\0\0a\\0\0\0\0\0\0\0\0\0@\0\0Ϥ6B7)>\n\0I H\0\0\0\0\0\0\0\0\0\0 \@@\0\0\0\0\0\0\0\0\0 \0\0\r\\"S]ҡ	\0\0\0\0\0\0@\0\0\0\0\0\0\0\0\0\0t\0$\0\\0\0\0\0\0\0\0\0\0\0\0@8L9)4\0\0	\0\0\0\0\0\0\0\0\0\0\0\0\0	\0\0\0\\0\0\0\0\0\0\0\0\0$\0H\0\0^MY+l\\8 \0\0\0	\0\0 \0\0\0\0\0\0\0\0\0\0\0\0B\0\0\0\0\0\0\0\0\0\0	\0\0:\謼Ą\r\0\0\0\0\0\0\0\0\0\0\0\0\0\0\0\0\0\0\0x\0\0\0\0\0\0\0\0\0\0I\0\0\\dݞL\/ h@\0\0\0\0\0\0\0\0\0\0\0\0\0\0\0\0\0\0%\\0\0\0\0\0\0\0\0\0\0\0	\0\01]Q:\\0\BJ\0 \0\0 \0\0	\0\0\0\0\0\0\0\0O\\i\0\0\0\0\0\0\0\0\0\0\0OPZvSCfۀ\0	\0H\0\0\0 \0\0\0\0\0\0\0*@m.[m\0\0\0\0\0\0@2\0 \01I\0I&\-\7j!\0\0\0\0\0\0$$\0\0\0\0\0\0\0-\0\0\0\\l@\0\0\0\0\0\0\0!u\0\0I6\x޾|\0\0 i\0B JӺ\M\hcvZ@\0\0\0\0\0\0 \ry\h\0\0\0\0M؛$6m\0#M@\0@\0\0&\\0\0If\nh\Ld\\0\0\0\0\\.I$\0\0\0\0\0+$I6H.F>\0m\0$\0\0\00\0$I$h\\4/\&\\r#I$\0\0@\K_ى\@@\0\d\0ARI6[2|B	E \0\0\0\0\0N̒L\0\0\I ^I$WM\$C\0\0\0\06\ޛII\0l\0\0\0@\0\0\0\0\0\0\0\0\0\0\0	\0$m$I$t\\plE\\\0\0\0\0w\$&H(\0\0\0\0\0\0\0\0\0\0\0\0	$6\kƑ-	 I$H``\0\0\0\0\I$ɤ\0&P \0`\0\0\0\0\0\0\0\0\0I$)\$\0\0I$I$P\\h$\0\0\0\0^r\l@I!i$\'\\0\0\0\06\0\0\0\0\0\0\0\0I	@\0\0\0I$I ]b\,\0\0\0\06\$HlI \0\0\0  \0\0\0\0\0\0\0/WO\\0\0\0I$UϢʴ\N\0\0\0E \0\0M\$$&H\0\0D\0\0\0\0\0!\0\0\0\0-\0\0\07m\0\0\0$I$\\\ 3T\0\08\H\0\0mI	$ɤ\0\0 \0\0\0`\0\0\0\0Id\0\00\0#\I\0\0\0\0I$I$\002$\0\Il\\lBI!i$\0\0\0\0\0\0\0\0\0\0\0 \0\0\0m\@\0\0\0I$D \a`\0,\\0q3$HlI$\0\0\0\0\0\0\0\0\0\0\0$E\0\m\0\0\0I$ \0\0v \JAVm@\0~ m$d&I\0\0\0@\0\0\00\0\0\0\0	$`\04\i\0\0\0$I.\0~\x\0B(\0\$\$@\0\0\0@\0\0\0\0\0\0\0\0I$Im\H\0\0\0\0I$C\'Η\GĐ\=\(\0\0\0&I)I$\0\0\0\0\"\0\0\0\0\0\0\04I$\m\0\0\0\0I$#9\K\r\0uy MtD\0\0\0$BdI$\0\0\0\0\0\0\0\0H\0\0\0	$Hi\m$\0\0\0\0$I*\0b_N\n(\I\\0\0\0\0 4$I$\0\0\0\0\0\0\0\02\0\0\0\$Km\i\0\0\0\0	$L~rB|\0\0\0\0!I$I$\0\0\0\0\0\0\0`\0\0\0\'\I!$\m\0\0\0\0I$\06\06|{OH\0\0\0\0	I$I$\0\0\0\0\0X\0\0	a$I$\m\0\0\0I\"\0	d\$NNQoC\0\0-$I$I$\0\0\0\0\0\0\0.I$Im\i\0\0\0\0	$\\\K\\p\*+}\\0{\#p)&I$I$I$``\0I$\m\0\0\0\0I$t\0k`\<imR]0\00ǀ\0\0iI$I$I$\n4I%\m\0\0\0I|\0\0`\ie\0j\\b\0\0\0b\0\0M$I$i6m@\0\0\0A$\z\'\\0\0\0\0	$h_\AnbRK+C \0\0|@\0\0\mi&<i,\ŀ\0\0\0\	0ZD\0\0\0I%V\H^\>\$\0O\0\0\I$K\\n@$\0\0\0\04\0$\0 v\0\0$J\֗\U\DA׏\\0\0\d\0\0\0C@\0\0	$\0\0\0A\0\0$&p\0I$~q>\F2[EᜀDk\0\\0\0\0\0\0\0P\0\0\0H$\0@\"A\0I\0dM\\Pl-\\\ZF\f$\0\0\0\0\0H\m\0\0@\d!H#	$C2\0A\8j!3\r\#\g\0\0\0\0\r\0@dH2\0\0\0\`\0A&@\I%\\)\n.\\\7\@.2Y\\nn\n\0A\0\0\0-H&\0\"DPH$oI%@ATM\\0:x\$&\h\'0/}bDW&	\0\0\0\0\0/$\"@\"PLݕ\! )$\xEػ\\0o\0XC\p\0\0\0\0L$	@eJ}\&`|I<q5pJe=ߊt A^2D$\0\0\0\0\00\"A	2Xd3ybi$ca,9\\\@?$\\#H7@Z(\0\0\0\0\0ԁ\0fLDA\\nbh\I4aR\~V\h!/]`\\Q\0\0\0@\0\0\@ CeC9I$([\\\\BR-\{\\Z.б̧3.@\0 \0\0	\	X\n+\"$\NAGf&$X0A)\0-)\Ǒ4[͋\al8\0\0 8\0 \I\0I+_\\)%\0\0+jE&0Q1\OĀa/CmAH\0\0\0\0\0\\0\0\0HF\wyȓt \vH&=Π@9<6@h6%,vaI$a@\0\00\0\0\\0\0\0I$I)\\\@\0\0\DZ(<rq\ \'`0H\\ZXm0\0\0]$\0\0\0I$I$H6e\`\0\0]O$-tBG\E\1y4x&\U\\N$ \0\0\0\0	3\\$\0!\t\0$ 	hx̀\e\GAB]i<v,$\0\0\0\0\0\0\0H\0\0$\0\00@I)<\Zh\d!{0D\Z\v3\Ej*D\XL\0\0\0	\0\0\0\0\0\0\0\0\0\0\0\0\0Y\0	\0\0w\0ZIӠ͒\)$\:\\&4\0\0H\0@\0\0\0\0\0\0\0\0\0@\0\J@ =Aʆ`:*7kd\nxetS`6¤\0 	 \0\0\0\0\0\0\0\0\0\0\0\0\0\0\$z\\\\\\\i\1|#\\0!\0\0\0\0\0\0\0\0 0@P!1`AQp\\0?\\3b\|\dڟC.8,G\C\|aKѧ\x\C#GxE;}\>\XF8,G1c\2a\,>\ۃ*>8\yƅ|\\n}\l\\\\\\\:\r}͜8\҇G쏈9.4rt6cJ\r|\ZY0G_qn\n98q\N\x04vNFgn8r~.\q\\CF-;0\p?ˈm\\\20l\ۣGGgkKc\:wڂ\S\~0𿈢+Bߍ\\;\#\l\Af8\[ttY\pPtxg\	՜\nldG\FΜM=lxO\:lu<_M	\\!\=\\'\(*1\Kϐ\|q\EB>*\1͏(J\\QU(N F\\8?dw?Hll\F\?|G\Yp\J(\\r=\'럼26\<L=T?\#NU<91\O\8b=N4tl\\0j22,٧Gg\\\\!FK\Z4hј\f3[9~\F\0`\b{?\01\b\\r~\\F\N?P*\R\\q\\;q\q\ߪ(_\\7~\?&\b\8䂸aӏ\\(	H[\n.8\:}E\0bD\"EQEP~#Ȇ8\󨢈D\"\\09EQEQE^5lF(\ۆ	񨢊/(1E\gN:?	\'¢/:(c8\ڊ(<8t`	\(GcCᾎ\'E\<\Q}>\\i\z(5`/s\v,\<\\~F\v\wsk\\"\?\\<g`h<?u|3eEpg\菌S8)Q\0OX?\#-\rbͯ\\5\ڊ/K\`R\\"\(ۂ\Zu\n\"15	t\l\C\0H`\G\<\]`\02_ҞY?Z~ \'	\0\١cg\1Fa\#J\"\	乌J((p%]\\`\.\\F^ONQdm\iR\<\/>XCN\\.\㷗\\q\\!\\T^q\1\\t\\x,Sv}ϝR+bxc(\$_\E\dE`eY\G\\'?_\1t0:.F<QP\888\3\c:ѡgCݸ>\0Á\pg\ۂ\ˏ_\\\\RȊ\Z4([,;6lq&\;4(Y\::=5\\Q\\EgC#n<G%Q\ A\rT,lx\\n+VE!\E2-Z\T\'΢\QQp\Z>pi!UC\'g\CDcj\0(d\\B\c\\lCG\\8oc٣\0\\b\\>\8㏹\2x@\\<P\0\Z\\`\҆#*6\m\0B3`\\4aЂ\6>\qvNM(t`C\'!\eEc\'g\\\0&\0\0\0\0\0 !01@AaQPq\\\0?[m\8\rGbox^\/\0\w9&|t\'\\\/aw\\zvb \g\>\ x)lE@D0fޥ\&y-\$\냖\\\|\%A\\\y\\g\{^\'V\6ɷ%\w\jzPoyw\Yca\\e^\ܖyx|G\y9ރ\1.6{ͱ6\\NG\\\\/\\l\\\K\&\\r}ˇ#\D:چfpx9&gmYyx|{\3=l1ca-\\\=\7ͲA>\\l\pͰ\&\p\=\l<=I\{Clw\<\n^NTѓѽo/A\o6=.}~\0b	?\A\=cʔ6\t=Je;,ÄO{C\͖\S0tL=\-\Ș^\D\s\끆\gzw\;z&x}\\0\v^\'ނޑxx-\-\\!\z&\B\3\7ͼM$Ý\'\r}\@7al\\XG\\\ڞ\g|oA<z\\\L8\\ox\pd\\0d\'\\\\\\\\]\8\rÇ0\0\oz7O\0z=U\\0^V=\l6\<ً\\ygԥ\\pFd\\e\.o\8|\H0\\)Y}rt\r\8	\{/V\xً\1\p8ݶd\<vK[;L\\컙\lL!b=[\ϖM[\xc\\o@^\xy\mӇd=I\0[(&es\Fc뀉\\r;۳\ZN2\qO\\\\߷N\\;ս\'%\N\\ݳf\Y\m\d\n6FͶ\\?>v\4\Wbݕis\\\S#2L\{OyOA\\\\\\8g\	l\\m\\?\\cvte\0\Uu\`\|G\Cc/&\\fpKpGx!\rswA#s\p8mv\v\\0_ÝS\o\\׊\\\\yO	\t2H8x\28C\.\l\e\a\xo&\\\zw\mY\$KmO3~q\\x\"Ym\-\\{K\bXo\\'\>,;k?\\-\\0Γ,\	\\{\\!r9t\Sm[,\]z#v\\n\]Ķ\\I\\O9\xͰ[a\C(m\b\`Â,E\ly^\M\q+&\lq\0K\rёn͐c%\\&ޭ,\qm}[վ\>\}\\{\0\\0\Ag\'A\ؒI\o&<>;^7\\\0am\\\vޡ\\a\gNs\'\'Y\d\{\d\x/\0\9|Ώ眓=\'gk2oc\0a<	1,9=e\+oY6\\r\l\սgГ3n>yo\dEp%\_seok\\\\,\'dnKI\\>\\6\mGp\p\\8:_pOi\ \d\=;m\\0W=\m\\\d1K\X\:G؆z\\\	\\|Ӽ\\`\qNgb\x\ϙyw-oND\2O9{3\䧇\vf.\\'~ÿ\i\gF\r\0zH	%\x;O\0Kx/\L\6K\g\\v\\K\X\t}ǋ\\1\<%n-H\\xo0\ݟ|\y\\mb1xf|GO\x6yoK\b\\ܕ\\l\"3f\\\r\f%\\'\r\\f\>\~Cӧ\@l\\\8m\β9\rg,a\\'\/e>\\2~K\Bo9eњ\,\\"\0\rq\\<>\9\гz\?3\e,:rA,\eHzl\8x&\0\\\D\;p\ְ\\gϳ\~^\l,\8\ \%\\ԁVdӼ\X,/\<?(\-\÷o\+\Z\\0\r\,\,h?ĉ﫸>\\\\\Y\Oɖ\\$\2OiON2\\\#\\~V\9\wө{6\0eߏ\dd\<a{\\=\K{\cЉ?>\?\\|rLsY\A\\F\\IXQe@l<~y,\0l\0l\0l\0b\0\\!;S\\0vY.#\\;Ck\fQ\\7\3ף\OCeزπ_*m-\ț\\\\Z?3\^\\S\:\em\^\y?ڽ`\sϻLz^z\~w\~w\a`zĠdV<\,/FX\\ŋ?{Ummm\Z^3ݝ!a2}:!ն\mV{yGO65\(\XGn-/\\\\\ Y//\Kz*\y~^\|o\0W.ԭ|y0\\\X\{Klw\\^m\\rYg\\	\rR˾\\\$t	o`uC@=>\e_V7d\\pf\\f\ξ-|3ס ٷ\v\}t\j\ػ\}Oe\p\m\&y\Xl\ݼ\f\\\]\Z\\z;jK,rc;u.lޥ6\;\\~n.%q\p\dgA>C\;K\\=ۧ\:\\\'\w\\M\\\\h;Xr+\\e\z\'ș\\?\3̱\~\i9l\N\\\\\\vgV\M\/1\=1:\>Ik\\[=C0Bx[d\ \\\o\2,zWӯfC1\\r\\0a\oi\V1]z\z\.m\y&\z\z.K_R|2u\v\:\'\\\0\Wߥ-m/\\0ì?Cg@S\8fJ\\~\/\\l\\\o\|\\:\\u\8w^\Z<\\?ռE\\\rB۲[\Y= {\~\\0\Gԋ6xyC߬2?δXA\\\tgot=\8g\8z\\&7t@|#N\w\\OX\\i\\\^8YVM=G0?n3o&I\\zH!9\\˗KPA\m<m\_H^\\)\>3\}Oz\0\Ze\\\<)%M\'9Y\=\w\\\\8\2NBYd\\orXp\ ,zw\2- \\!\\H\'\\';ٶY6AK\6XŰOk6fd석[\\_\Z\twό\]Cg~K#\x\3݆e,K>2\Zl\|h-fto@#Yd\ȌK88P\o>\r\e관sCRGѻ{v~<3;\Cm@	ae,1\\[eK\\\0\hr\b!ޅ\8\k\\?\ׇ\x܇yl\K\{f,8<z_\Y\C\ewX/K\l}\w{\-\\\\\^	<\r\\{\\8\'\	8<\\'h>Ye\\e\\v_dc܍4~\w;\Mc~\~\~\\L\;ק,\ \ivrΑ;pvc))e\'\G\etes$_.WR\0\\\\\'7\\NK\C\+薔{_^cYg8x\N\0<\x-c\oxG6X\\'͑$O\0=^\/K\+~\\\y\\^y\\zNVD86\\e3sb\0\pxޜ\ 9l\\\!)\?\zr\)ֽJ\e\ೀ\\\g\r\l\6\&\oH\L\&ys\\\\ǅiy\L=\Z\\ཡ\28+e\H8}\	dĶ8\"\C2\,\\\8|\\0i<}9\'c\?xχ({\^\\m\{ m\<LI=L93a!\';g[/^xD\xvޠ\ss\\\`ߍ&|\L\#\g\,dlD\\^\g\9=\DK\"X\tqI\/nzD=ڝO!\Fy~@0\t\\%\\'\d{\pdC;\egx\,\x8\bY~\0\i\\'\td_sl\Z\g;o`A\fސ#\w\\0v|a{\zN7dAۆ\o8	2!g;F8gk8$\7\'\\|\=\<\u\^\(B8b\"#\i;\N\{\Z\\*\\O$&x\\\	=\u\r\3Av\!f\pω\A3\\<\3GDDDDDp#[\\0	\C{	\6xvޓ\cHe;ng\6{K\՜\˓l7\I>ɜ\"\\ߓ/OK\\"\"8\\\0\ÂGc\n\ќ$\G~2:x^\or%w\\{߂𭈻l=*!$^\: iϰ!a\=\'\\\q\H\\\Ke\LIg#il\ <};P\.[&\'	\b.K\H\O[9~,W\\0\0N[o0·@	DDG\j?<>\wh\s#1\\lCۇYwI\ \(vHnF\g\\xa\r\M\\'\!\\\FY\ބ\a47\(s}+老RsD=8=p7\\\8x>Y\\'\1\'%0-n\'Exm	\bx&Lt$r|DE=NvGnU%{B=o!OV>︈/`\=\xl\\2\\^\u3`Kہ\a\o$\r[3ɐēB\\\r\\'\L\ZEc<e=@\\\댳\,^W\rc\\f9+yLK\\!\g3\mA}ßg&ْ\"NDY%\2JdaGIY\-&<\'\'\rf\6=ܿq\1$}>OS\3Ha&o{aDM\#\\\,\\Է\[\\f\\!\AǸm\6c\Y\/K`\8>\\\a솆kO\\r/\G\8)Dܧ\\\\\\x3C\pLɼi9#\\N>12\l\\'\IVC\Y\-\\\\/\/\-mz\\u\$O/<</rA\\'\\K\6\)G=>N¶l\\{`\y8\\\z\	<OQѝ\'fOIwo\g\rn훼;\\x#d\\[\@7\\plD<8z9\\\'\a$r\,C{\s9\\.r\r}Kߡlq\g\^\xg:\\䟇\O9\;C\R6b\\LCcL=\\\0*\0\0\0\0\0\0!1A 0Qaq@P\\\\0\0?Yr\$t\Z0t\r%\xN\"@ML\$g\\ZV8wɎqxLV=$\"I\rjmbBx8Tb\˗r&	pb@큾sH\\\L8[.8Xk\\\\YX=<`\T#Ç}\`\"t&鳂ܸ\\2xrF(\.鋗ˋpM\\6B.N\Q0e\\\Qٸ3yQÀ\\/.\+z\*ieqɁ`C;\\6Ʒ-E\\2FT\bCxm1Ma3\E`\9#\xX2d#M`\"\x⨎n\\!6AhT G\'@\1`@+^tx`i`\=c.//ѶPhsԞ\ĸ\\'\/Qɾ\rtp^Xu, \^:\N#7abh\\Xeˊ-\\\,B&@4uˋ,͒\@x\:\0\\"!߸t%ǥ\0.^F-\\Xݕx\Z\\5MgaqAr6Ng*͐뗢\5r\ٹ+\ޓ\:E.\\\\-L(:`pc*3\aҺ/H\.\\!-\\n\qNn}\l\'\\C\57B\yr\F;B,ˋ.\\cw1\ki*Q\(5.t%9\?B0(<vG~N\e\pf\1eˋ\\F^\Ò8tX\hK\ล\\ T\"\H:K#;]Ǫ\%G\\\˩r:\FJ\\.\î\n\b\J$\"\a\L\Vn$\n~У:P\#}6)O]x#\\r\\bQ0\72Ch\H\D/\\.0\(CizˋҺ/i:j\\*\rF\_ y\\ښ=`Qn[\\I\M\c*8#dk%Ƒn8E\\\8^sr\.,~\-2MQ鷈O\-1$(~\R\X14KGk*ue\\pT@\sR\\\\\Wz3v\[m\\8w\i\׮l>\0vBq\RZC\^\(\	xZ\.^jm+e\.iH\x\Z\8\f\uK.\r\e\\\%\-\.D20#=1۪\,~\\&?c3Z\\\Cb\.)r\8%\C#\tEr\\.*J\"\`z\oᕠ}\nܗ.:3\\2\\2o$Nb8E}\e\\\\cX8a2ak\sà\\feb\+YU*$\\eӤ\\_ؙm\Di)\v`g\̴*\0SQ,Q\y>\Keʄa\GLDq9n,\\X~f\\\\(IE\#\'kj?\kc5>\r0N\\\\W\\ve\-9ժj\0s͗.\\\:M\:*aV\Z\Vpo$!.(/H\\\\\\D/&\\,X\r\\w\`-%We\2ki4\\ga+L;B\\0#.,a]#*1X0X͐\\\\.X\\i߿:\\Y\\Q7?$I=>ȱ.\\ ax̾Q\n+k__G	\\"B\Uʬ^#L.LX*kLTZb\9{a*W\F\\\;!jZ`8Pm\*ctg\\\}*߱z4㬬V+-n,eD+.7GlTc*=\\D4ݷWM>s&\nF/\z\(\T}!dDRt\yX:`4[*3yXIZ\ºN\0v\Zz΍Y A\0\2\\0\\0vh\\\\#\"\5mxI\ْ`.*\\)f..\,1eŹq\~\\m*U\zMaGډZa @\\ZEM,/\p\c8\r1t\/.\'hsҭZ\˸o	xvXCir\1w򱆱4xI?y\\t`/hY\	x\"͠\Z@!r\E$e\z߼^\Q\\gBX(\J\*\rpbax\FQ\\\\B\\;Viԗ\t:Ei\M1Ne\\0eW*Iq¨\\WSQlWr-_aƕ\'$Ĥ먬;DYm̤̿\\d\'{0xʆļl[\+\\0.UF^\Ը\\cn`ՃE4\\\M8}ʧ \'kEV\\o\0#\Ћet\]K؋\|@B\!m~\\n]Yn\'8\\/iR%%\\\v	rvʔe2\ory9%aMB jIq[\\"I\\m@\\\sp~\<[΅mP\\5<\]|\rV\\|\*\]OFr\yq(8\K	Ri*1t\//\S\)\xx\\0C\ɤ\|\\5@\[\#\=\'=\ϟ=\(\C\n\M\\Z`\QbOZ}\e\\'\\K[p\>\0md\Z~\@蛭`\텛\'\S\=R	R&)/+\RQ\\'\\Z7-\e\#Whh<ߘ\(Jx)\S\>L2YYC ݨ\"CSPa,:7Mm\sbӢ%\'\1йWon!VCغ654]\0<aG\ZRCeY	\nkR&I\9A\Tp3FRT\tB\VwJrNF\˗5<\z\mf\1cPݨ7\/\C\0<\tQ/\0/\c.ȶ1\r˂s막\a>鞟\zgz	Av\rS\6\YȨZ\r1\\)-->s\))\T\ qYZKe`\\.Nʕ(\;r\\}\/ƍ\\ZlO\Jy,,.Y\{	\\'{\c\G)w6aɬ} fÄG4C:+oq߹Ri\))(\GHP\i̹r\0w)*WY\4	x˗ۻO\Zn\r.\\}kR\\\04\\\'\j2kD#Wﮥ2\RPw\\\Ypa.\ŗ.N\d\\ZJ\K\[XeŢ\4\\}K!5\rTMN\0\\0ޤvϚ?	.SNzbdWҁjc!2\\\\v΁08h\H·,۩\\PN\|ް`\]d\\1r\\M]e\\<C\S\\rݩkQ\f>\4Ił\`\Ԭ\\Ypb\\\s[\\C\\0\\ͣ\@k\ZzT\\r\\^\\\vٻS\nz\\Zu\\ҁ_E\.6m\\Æ0@\\.;JGOH\vj\\U}\cԹ\ \rfr\ЋH)O\x{\AӿI\-E\\C\\ޓh	Q׵c\ۥ,{\=\]#MmZ\_\0QPm&]\y\yeo,{\g|\ \\\\=&\b\\n+\{Uɔ.\ڿ}\\\\\O^:+F\:A\\a$-+kd\X+D#W5q\\Yz)+6p\?GBk)\۠Ք=wР;	e2@\Z}\\A.\\\nC\`#~\\h;9zL?K\gy\kgp\\nS7\\WW\1JA\Ja\r&\*1\z	\%\\\;6\8\#ӄS\wK\m;e\\vʆ,+H訒J\=\]	S\\p\N:SX]&B@a*\J%e\\/|QK\\ŶAs\9\	ZJ*.\H\+X\T\TN\fCؔb}n\\r4>\W+\*X\ OxT7$2\\\\r	RJ%t\Hw\4ÿ\W~\X\S\Ub\[@@/\\Z\[4:m\ҘTC.^\!\kŗ\=wEV@}捻5؁DvL\&\ƊvQK\ӈ\+hz~ N\\>\IF=$%BTp`\\8b\j.+L;u`\VSn\|\ Uui0\:\\.2\ \\\r2a.,8\ۨ\/N\F7V.\\6Ő\Pn7<\@)ZK Z`ܿ\t\PV;?J\\qAGf6b\:V\\$u{fm3d\ok	Q0I\GKWe>D\Z,#ۑ9\?>	hO4\tSnE.P\\)Z\h\Azl\Ox݊/\\0\0\\0i~\\\\Ӏ\"J]$0Jʵ\\%i\\T\^=k7\- w xG\Wp+\0lJ\?\0$\\?\7\ f?į(\?\\0\00\0O?\?~\E&\\DM\pj\'`\\\|\U\|\\\\\EW\-P\7\\\/\Z7!\\%\\ဌ )«\\Ir\RYHF\ -+A`\n-0+\\ѓ\Z0\\J\\{cSe\`ˇo?̠|_\B*~(m\\'zAE\0s4j\F\@\u0aҢ \"PH\n\0g(=\\:\r\lEnN\!9\T5C|\\ZPHJ\n\L\aaIRD=V/)\\zD[\J7Vv\z\\(0\|ϜK\aOǲsi\ﴍ\@5`Sx$\|a\\\\%JTG\\j:\H\'pϸܑp2\82\Zb\0*H\Z\BI\\r+)Y\'vShVW%F\(ʲө\<HN#N^2\i%#+\0\\}̊[\0BI\'\>y\1I%n3Z!	RB	aθ\{{#x\\\:t:K\r\\2\t\$\V	pb\\0*TQ+-\\XVY\Z\'\XVU+\8DnM}\r\0O\\\Bz:^pI&&2I\*6XAYz \\,Ў\8%\c*TL\\5̍f::n\GB2`@+\\VR%eV^)H#mUu\\n\%<OTOD}c\fǨ-+\K\?u}X=_xh\ZSVR\\W\'Qy}NHìHo=!A/[\\H\\_\X2\\bJ\k*;bJ\\r JX	Z\rmJ\Q9=5*\0L\\fT1N\x\t\0\*\\\\\"\\ô<Ѩ\.)v\S\^\\\\U_ZB\\\r\̈́>\/\V\r,PJ;reAAaX\jn	~σax\n\3Hm\\\\\eJ\T\"tIP\"T7[\"BHm7Xv\"@ʕ,#*$X\ri{0+A\0/\BJR\0\(\=S\=3\HG\2XK\7Fv&\0ּShxK\%/+u灬Ojk^~{w4\n4!\[ʳ\˿GV\\=!$\ODK8w_+Q5\oC7HJ\`40\\`.%@\7F\"J\\1P! JЗMzN0\ˏ\.\XW\Si\ߗ\io9N34aaq3_\}0Z\!*\ZV\B .Wpo \\^<M\4,?̧\\\\\~M\*\\`\G$) \$L\D7D*pp\Di*:D\@Ja1:;\\֊@ϣZ\\U\\\G\\T\aa>2c[\O\\dD!Bx+(\Y\wr?\bgt\\H:C\0\01B\.\㬶j\݂8p;dw\\\r\0a8\f\\\]\"\.\q\NQ|7\B@-Z\z\zgzc\HFH\R\уId=EH+i̾--8e;\(K\\0GO\%\\\]cD:+H$#\bJ\TpBtA\VXFyZ`!X1e\6G\!$K\Z;A̙S\i<\Mʃ\n\\\r\"\$a\\m\v:HB!,7A\Z\Tݿ۳1]\80\$K\^Z`Tp`tH\\"Ը2D\\]\\\r%\:T~4l\\\*Pڇ\\\hiO\\\O\\\\01_\?WڀA\0\эj\\0O0!\`aS}u\7cG\\\\\lV+@\\&KA\raw2C\M\JFq+r\\\{*h\@\Z=U+ٓYowbSL \J%\ S^\!]TL=	D0KB%\B=H˗qL\Z\+\)\r0\\m\)J\	\\g\\'-j&]7g\J\@6LԬ=\'t\*2H%\9.,\\FmH\¡#\rv\GH\!;twcQMsPoo\̧!\E;[[\[N{\\\zH0B2a\"k*\T\6p*IQ\\&ɳ# \ǩmzЦ\}`\\\nǈXmؽd{ ˋE˄\r!.^\/5*$\ZGyP\ZČuP$a`Ը\\r!1\F=#f\$$\˹%Ig\\Y\rOnS`2מ\aߦpa(\\\5`B&JY\*m8Øq`e\\0DLT	P2kXKk|\|\|\ye\Yo,[\--gP.^H\+jUa\`\.1EpJdbt\\,\Z+L*2s\Z\\F\%v\_@JkL D\T\$\\c\\16ĉ8\\g!8IS\#	#\`%*B2\x#.,Xpcz\|t\\c#`\\yP#\!*m,\\)F5!q\','Daniel','7771076799','Gonzalez','Ocampo',2,NULL);
/*!40000 ALTER TABLE `participante` ENABLE KEYS */;
UNLOCK TABLES;

--
-- Table structure for table `users`
--

DROP TABLE IF EXISTS `users`;
/*!40101 SET @saved_cs_client     = @@character_set_client */;
/*!50503 SET character_set_client = utf8mb4 */;
CREATE TABLE `users` (
  `username` varchar(100) NOT NULL,
  `password` varchar(100) NOT NULL,
  `enabled` tinyint NOT NULL DEFAULT '1',
  PRIMARY KEY (`username`)
) ENGINE=InnoDB DEFAULT CHARSET=utf8mb4 COLLATE=utf8mb4_0900_ai_ci;
/*!40101 SET character_set_client = @saved_cs_client */;

--
-- Dumping data for table `users`
--

LOCK TABLES `users` WRITE;
/*!40000 ALTER TABLE `users` DISABLE KEYS */;
INSERT INTO `users` VALUES ('administrador@gmail.com','$2a$10$p7xaMj.hnttJdFnf5E1cXejDeqvK2QaJIvpGn6VGvMWFYa25TX2Aa',1),('dannyo.gonzalez2502@gmail.com','$2a$10$97c5uJhR.L8.nm0HUTHwSOXSrHzgDQSP2sXSHiZX/3HNRMrTindfi',1),('enlace@gmail.com','$2a$10$z0OcOjCC2vewJW5M1G/AVOR05MI0f5umVvn7x6/wRQvB0a7yYlK3W',1),('enlace4@gmail.com','$2a$10$b8mprpee8NfnBFfJjd8YfuAmFBWd1MEwQTiCyKJMGcfSCzEidQPrq',1),('presidente@gmail.com','$2a$10$gLoVrgoHCbVrD8jvYdrKWONBD7TNp9rtMYY2bCsI8rAAcR15vlKr.',1);
/*!40000 ALTER TABLE `users` ENABLE KEYS */;
UNLOCK TABLES;

--
-- Dumping events for database 'sicov'
--

--
-- Dumping routines for database 'sicov'
--
/*!50003 DROP PROCEDURE IF EXISTS `sp_login` */;
/*!50003 SET @saved_cs_client      = @@character_set_client */ ;
/*!50003 SET @saved_cs_results     = @@character_set_results */ ;
/*!50003 SET @saved_col_connection = @@collation_connection */ ;
/*!50003 SET character_set_client  = utf8 */ ;
/*!50003 SET character_set_results = utf8 */ ;
/*!50003 SET collation_connection  = utf8_general_ci */ ;
/*!50003 SET @saved_sql_mode       = @@sql_mode */ ;
/*!50003 SET sql_mode              = 'NO_AUTO_VALUE_ON_ZERO' */ ;
DELIMITER ;;
CREATE DEFINER=`root`@`localhost` PROCEDURE `sp_login`(IN p_username VARCHAR(100), IN p_password VARCHAR(100), OUT acceso int)
BEGIN
	SELECT count(*) INTO acceso FROM users u WHERE u.username = p_username AND u.password = p_password;
	IF acceso = 1 THEN
		INSERT INTO `bitacoraLogin` (`fechaAcceso`, `correoUsuario`) VALUES (now(), p_username);
    END IF;
END ;;
DELIMITER ;
/*!50003 SET sql_mode              = @saved_sql_mode */ ;
/*!50003 SET character_set_client  = @saved_cs_client */ ;
/*!50003 SET character_set_results = @saved_cs_results */ ;
/*!50003 SET collation_connection  = @saved_col_connection */ ;
/*!40103 SET TIME_ZONE=@OLD_TIME_ZONE */;

/*!40101 SET SQL_MODE=@OLD_SQL_MODE */;
/*!40014 SET FOREIGN_KEY_CHECKS=@OLD_FOREIGN_KEY_CHECKS */;
/*!40014 SET UNIQUE_CHECKS=@OLD_UNIQUE_CHECKS */;
/*!40101 SET CHARACTER_SET_CLIENT=@OLD_CHARACTER_SET_CLIENT */;
/*!40101 SET CHARACTER_SET_RESULTS=@OLD_CHARACTER_SET_RESULTS */;
/*!40101 SET COLLATION_CONNECTION=@OLD_COLLATION_CONNECTION */;
/*!40111 SET SQL_NOTES=@OLD_SQL_NOTES */;

-- Dump completed on 2022-04-15 12:40:24
